Jour,ID_Composant,Type_Evenement,Niveau_Usure,Cout_Associe
15,COMP-000,INSPECTION_RAS,2.48,0
15,COMP-001,INSPECTION_RAS,2.3,0
15,COMP-002,INSPECTION_RAS,2.43,0
15,COMP-003,INSPECTION_RAS,2.35,0
15,COMP-004,INSPECTION_RAS,2.2,0
15,COMP-005,INSPECTION_RAS,2.38,0
15,COMP-006,INSPECTION_RAS,2.4,0
15,COMP-007,INSPECTION_RAS,2.44,0
15,COMP-008,INSPECTION_RAS,2.27,0
15,COMP-009,INSPECTION_RAS,2.35,0
15,COMP-010,INSPECTION_RAS,2.4,0
15,COMP-011,MAINT_PREVENTIVE,2.29,400
15,COMP-012,INSPECTION_RAS,2.4,0
15,COMP-013,INSPECTION_RAS,2.29,0
15,COMP-014,INSPECTION_RAS,2.41,0
15,COMP-015,INSPECTION_RAS,2.33,0
15,COMP-016,INSPECTION_RAS,2.3,0
15,COMP-017,INSPECTION_RAS,2.36,0
15,COMP-018,INSPECTION_RAS,2.49,0
15,COMP-019,INSPECTION_RAS,2.41,0
15,COMP-020,INSPECTION_RAS,2.5,0
15,COMP-021,INSPECTION_RAS,2.4,0
15,COMP-022,INSPECTION_RAS,2.2,0
15,COMP-023,INSPECTION_RAS,2.39,0
15,COMP-024,INSPECTION_RAS,2.28,0
15,COMP-025,INSPECTION_RAS,2.25,0
15,COMP-026,INSPECTION_RAS,2.29,0
15,COMP-027,INSPECTION_RAS,2.33,0
15,COMP-028,INSPECTION_RAS,2.41,0
15,COMP-029,INSPECTION_RAS,2.44,0
15,COMP-030,INSPECTION_RAS,2.25,0
15,COMP-031,INSPECTION_RAS,2.27,0
15,COMP-032,INSPECTION_RAS,2.47,0
15,COMP-033,MAINT_PREVENTIVE,2.32,400
15,COMP-034,INSPECTION_RAS,2.43,0
15,COMP-035,INSPECTION_RAS,2.47,0
15,COMP-036,INSPECTION_RAS,2.55,0
15,COMP-037,INSPECTION_RAS,2.47,0
15,COMP-038,INSPECTION_RAS,2.51,0
15,COMP-039,INSPECTION_RAS,2.2,0
15,COMP-040,INSPECTION_RAS,2.48,0
15,COMP-041,INSPECTION_RAS,2.51,0
15,COMP-042,INSPECTION_RAS,2.35,0
15,COMP-043,INSPECTION_RAS,2.48,0
15,COMP-044,INSPECTION_RAS,2.45,0
15,COMP-045,INSPECTION_RAS,2.34,0
15,COMP-046,INSPECTION_RAS,2.29,0
15,COMP-047,INSPECTION_RAS,2.19,0
15,COMP-048,INSPECTION_RAS,2.57,0
15,COMP-049,INSPECTION_RAS,2.56,0
15,COMP-050,INSPECTION_RAS,2.66,0
15,COMP-051,INSPECTION_RAS,2.59,0
15,COMP-052,INSPECTION_RAS,2.28,0
15,COMP-053,INSPECTION_RAS,2.52,0
15,COMP-054,INSPECTION_RAS,2.35,0
15,COMP-055,INSPECTION_RAS,2.32,0
15,COMP-056,INSPECTION_RAS,2.28,0
15,COMP-057,INSPECTION_RAS,2.45,0
15,COMP-058,INSPECTION_RAS,2.25,0
15,COMP-059,INSPECTION_RAS,2.39,0
15,COMP-060,INSPECTION_RAS,2.38,0
15,COMP-061,INSPECTION_RAS,2.45,0
15,COMP-062,INSPECTION_RAS,2.54,0
15,COMP-063,INSPECTION_RAS,2.34,0
15,COMP-064,INSPECTION_RAS,2.43,0
15,COMP-065,INSPECTION_RAS,2.47,0
15,COMP-066,INSPECTION_RAS,2.35,0
15,COMP-067,MAINT_PREVENTIVE,2.19,400
15,COMP-068,INSPECTION_RAS,2.46,0
15,COMP-069,MAINT_PREVENTIVE,2.31,400
15,COMP-070,INSPECTION_RAS,2.42,0
15,COMP-071,INSPECTION_RAS,2.36,0
15,COMP-072,INSPECTION_RAS,2.35,0
15,COMP-073,INSPECTION_RAS,2.32,0
15,COMP-074,INSPECTION_RAS,2.4,0
15,COMP-075,INSPECTION_RAS,2.45,0
15,COMP-076,INSPECTION_RAS,2.53,0
15,COMP-077,INSPECTION_RAS,2.47,0
15,COMP-078,INSPECTION_RAS,2.39,0
15,COMP-079,INSPECTION_RAS,2.47,0
15,COMP-080,INSPECTION_RAS,2.44,0
15,COMP-081,INSPECTION_RAS,2.56,0
15,COMP-082,INSPECTION_RAS,2.37,0
15,COMP-083,INSPECTION_RAS,2.39,0
15,COMP-084,INSPECTION_RAS,2.39,0
15,COMP-085,INSPECTION_RAS,2.51,0
15,COMP-086,INSPECTION_RAS,2.31,0
15,COMP-087,INSPECTION_RAS,2.22,0
15,COMP-088,INSPECTION_RAS,2.57,0
15,COMP-089,INSPECTION_RAS,2.36,0
15,COMP-090,INSPECTION_RAS,2.44,0
15,COMP-091,INSPECTION_RAS,2.29,0
15,COMP-092,INSPECTION_RAS,2.39,0
15,COMP-093,INSPECTION_RAS,2.4,0
15,COMP-094,INSPECTION_RAS,2.23,0
15,COMP-095,INSPECTION_RAS,2.28,0
15,COMP-096,INSPECTION_RAS,2.53,0
15,COMP-097,INSPECTION_RAS,2.59,0
15,COMP-098,INSPECTION_RAS,2.39,0
15,COMP-099,INSPECTION_RAS,2.32,0
30,COMP-000,INSPECTION_RAS,5.01,0
30,COMP-001,INSPECTION_RAS,4.88,0
30,COMP-002,INSPECTION_RAS,4.86,0
30,COMP-003,INSPECTION_RAS,4.79,0
30,COMP-004,INSPECTION_RAS,4.4,0
30,COMP-005,INSPECTION_RAS,4.84,0
30,COMP-006,INSPECTION_RAS,4.74,0
30,COMP-007,INSPECTION_RAS,4.99,0
30,COMP-008,INSPECTION_RAS,4.88,0
30,COMP-009,INSPECTION_RAS,4.68,0
30,COMP-010,INSPECTION_RAS,4.75,0
30,COMP-011,INSPECTION_RAS,2.92,0
30,COMP-012,INSPECTION_RAS,4.8,0
30,COMP-013,INSPECTION_RAS,4.71,0
30,COMP-014,INSPECTION_RAS,4.8,0
30,COMP-015,INSPECTION_RAS,4.58,0
30,COMP-016,INSPECTION_RAS,4.68,0
30,COMP-017,INSPECTION_RAS,4.82,0
30,COMP-018,INSPECTION_RAS,4.94,0
30,COMP-019,INSPECTION_RAS,4.97,0
30,COMP-020,MAINT_PREVENTIVE,4.78,400
30,COMP-021,INSPECTION_RAS,4.72,0
30,COMP-022,INSPECTION_RAS,4.64,0
30,COMP-023,INSPECTION_RAS,4.79,0
30,COMP-024,INSPECTION_RAS,4.74,0
30,COMP-025,INSPECTION_RAS,4.68,0
30,COMP-026,INSPECTION_RAS,4.63,0
30,COMP-027,MAINT_PREVENTIVE,4.96,400
30,COMP-028,INSPECTION_RAS,4.86,0
30,COMP-029,INSPECTION_RAS,4.81,0
30,COMP-030,INSPECTION_RAS,4.68,0
30,COMP-031,INSPECTION_RAS,4.75,0
30,COMP-032,INSPECTION_RAS,4.85,0
30,COMP-033,INSPECTION_RAS,2.88,0
30,COMP-034,INSPECTION_RAS,4.97,0
30,COMP-035,INSPECTION_RAS,4.77,0
30,COMP-036,INSPECTION_RAS,5.05,0
30,COMP-037,INSPECTION_RAS,4.92,0
30,COMP-038,INSPECTION_RAS,4.82,0
30,COMP-039,INSPECTION_RAS,4.82,0
30,COMP-040,INSPECTION_RAS,4.82,0
30,COMP-041,INSPECTION_RAS,4.89,0
30,COMP-042,INSPECTION_RAS,4.72,0
30,COMP-043,INSPECTION_RAS,4.77,0
30,COMP-044,INSPECTION_RAS,4.93,0
30,COMP-045,INSPECTION_RAS,4.6,0
30,COMP-046,INSPECTION_RAS,4.71,0
30,COMP-047,INSPECTION_RAS,4.45,0
30,COMP-048,INSPECTION_RAS,4.8,0
30,COMP-049,INSPECTION_RAS,4.93,0
30,COMP-050,INSPECTION_RAS,5.14,0
30,COMP-051,INSPECTION_RAS,5.14,0
30,COMP-052,INSPECTION_RAS,4.8,0
30,COMP-053,INSPECTION_RAS,4.82,0
30,COMP-054,INSPECTION_RAS,4.59,0
30,COMP-055,INSPECTION_RAS,4.74,0
30,COMP-056,INSPECTION_RAS,4.8,0
30,COMP-057,INSPECTION_RAS,5.01,0
30,COMP-058,INSPECTION_RAS,4.57,0
30,COMP-059,INSPECTION_RAS,4.93,0
30,COMP-060,INSPECTION_RAS,4.64,0
30,COMP-061,INSPECTION_RAS,5.07,0
30,COMP-062,INSPECTION_RAS,4.98,0
30,COMP-063,INSPECTION_RAS,4.77,0
30,COMP-064,INSPECTION_RAS,4.87,0
30,COMP-065,INSPECTION_RAS,4.59,0
30,COMP-066,INSPECTION_RAS,4.71,0
30,COMP-067,INSPECTION_RAS,2.69,0
30,COMP-068,INSPECTION_RAS,4.93,0
30,COMP-069,INSPECTION_RAS,2.92,0
30,COMP-070,INSPECTION_RAS,4.92,0
30,COMP-071,INSPECTION_RAS,4.99,0
30,COMP-072,INSPECTION_RAS,4.84,0
30,COMP-073,INSPECTION_RAS,4.84,0
30,COMP-074,INSPECTION_RAS,4.91,0
30,COMP-075,INSPECTION_RAS,4.89,0
30,COMP-076,INSPECTION_RAS,4.86,0
30,COMP-077,INSPECTION_RAS,4.81,0
30,COMP-078,INSPECTION_RAS,4.69,0
30,COMP-079,INSPECTION_RAS,4.96,0
30,COMP-080,INSPECTION_RAS,4.92,0
30,COMP-081,INSPECTION_RAS,4.76,0
30,COMP-082,INSPECTION_RAS,4.71,0
30,COMP-083,INSPECTION_RAS,4.73,0
30,COMP-084,INSPECTION_RAS,4.52,0
30,COMP-085,INSPECTION_RAS,4.85,0
30,COMP-086,INSPECTION_RAS,4.71,0
30,COMP-087,INSPECTION_RAS,4.68,0
30,COMP-088,INSPECTION_RAS,4.96,0
30,COMP-089,MAINT_PREVENTIVE,4.79,400
30,COMP-090,INSPECTION_RAS,4.74,0
30,COMP-091,INSPECTION_RAS,4.64,0
30,COMP-092,MAINT_PREVENTIVE,4.91,400
30,COMP-093,INSPECTION_RAS,4.96,0
30,COMP-094,INSPECTION_RAS,4.53,0
30,COMP-095,INSPECTION_RAS,4.63,0
30,COMP-096,INSPECTION_RAS,4.91,0
30,COMP-097,INSPECTION_RAS,5.03,0
30,COMP-098,INSPECTION_RAS,4.78,0
30,COMP-099,INSPECTION_RAS,4.78,0
45,COMP-000,INSPECTION_RAS,7.47,0
45,COMP-001,INSPECTION_RAS,7.04,0
45,COMP-002,INSPECTION_RAS,7.37,0
45,COMP-003,INSPECTION_RAS,7.12,0
45,COMP-004,INSPECTION_RAS,6.91,0
45,COMP-005,INSPECTION_RAS,7.29,0
45,COMP-006,MAINT_PREVENTIVE,7.12,400
45,COMP-007,INSPECTION_RAS,7.22,0
45,COMP-008,INSPECTION_RAS,7.18,0
45,COMP-009,INSPECTION_RAS,7.03,0
45,COMP-010,MAINT_PREVENTIVE,7.34,400
45,COMP-011,INSPECTION_RAS,5.38,0
45,COMP-012,INSPECTION_RAS,7.26,0
45,COMP-013,INSPECTION_RAS,7.2,0
45,COMP-014,INSPECTION_RAS,7.26,0
45,COMP-015,INSPECTION_RAS,6.87,0
45,COMP-016,INSPECTION_RAS,7.08,0
45,COMP-017,INSPECTION_RAS,7.22,0
45,COMP-018,INSPECTION_RAS,7.33,0
45,COMP-019,INSPECTION_RAS,7.43,0
45,COMP-020,MAINT_PREVENTIVE,3.3,400
45,COMP-021,INSPECTION_RAS,7.12,0
45,COMP-022,INSPECTION_RAS,7.01,0
45,COMP-023,INSPECTION_RAS,7.15,0
45,COMP-024,INSPECTION_RAS,7.15,0
45,COMP-025,INSPECTION_RAS,7.11,0
45,COMP-026,INSPECTION_RAS,7.13,0
45,COMP-027,INSPECTION_RAS,3.49,0
45,COMP-028,INSPECTION_RAS,7.21,0
45,COMP-029,INSPECTION_RAS,7.26,0
45,COMP-030,INSPECTION_RAS,7.18,0
45,COMP-031,INSPECTION_RAS,7.01,0
45,COMP-032,INSPECTION_RAS,7.51,0
45,COMP-033,INSPECTION_RAS,5.44,0
45,COMP-034,INSPECTION_RAS,7.54,0
45,COMP-035,INSPECTION_RAS,7.11,0
45,COMP-036,INSPECTION_RAS,7.58,0
45,COMP-037,INSPECTION_RAS,7.26,0
45,COMP-038,INSPECTION_RAS,7.31,0
45,COMP-039,INSPECTION_RAS,7.27,0
45,COMP-040,INSPECTION_RAS,7.18,0
45,COMP-041,INSPECTION_RAS,7.18,0
45,COMP-042,INSPECTION_RAS,7.13,0
45,COMP-043,INSPECTION_RAS,7.24,0
45,COMP-044,INSPECTION_RAS,7.48,0
45,COMP-045,INSPECTION_RAS,7.04,0
45,COMP-046,INSPECTION_RAS,7.18,0
45,COMP-047,INSPECTION_RAS,6.81,0
45,COMP-048,INSPECTION_RAS,7.35,0
45,COMP-049,INSPECTION_RAS,7.29,0
45,COMP-050,INSPECTION_RAS,7.6,0
45,COMP-051,INSPECTION_RAS,7.45,0
45,COMP-052,INSPECTION_RAS,7.18,0
45,COMP-053,INSPECTION_RAS,7.21,0
45,COMP-054,INSPECTION_RAS,6.99,0
45,COMP-055,INSPECTION_RAS,7.15,0
45,COMP-056,INSPECTION_RAS,7.24,0
45,COMP-057,INSPECTION_RAS,7.46,0
45,COMP-058,INSPECTION_RAS,7.02,0
45,COMP-059,INSPECTION_RAS,7.38,0
45,COMP-060,INSPECTION_RAS,6.99,0
45,COMP-061,INSPECTION_RAS,7.31,0
45,COMP-062,INSPECTION_RAS,7.22,0
45,COMP-063,INSPECTION_RAS,7.14,0
45,COMP-064,INSPECTION_RAS,7.21,0
45,COMP-065,INSPECTION_RAS,7.1,0
45,COMP-066,INSPECTION_RAS,7.23,0
45,COMP-067,INSPECTION_RAS,5.01,0
45,COMP-068,INSPECTION_RAS,7.38,0
45,COMP-069,INSPECTION_RAS,5.4,0
45,COMP-070,INSPECTION_RAS,7.26,0
45,COMP-071,INSPECTION_RAS,7.34,0
45,COMP-072,INSPECTION_RAS,7.19,0
45,COMP-073,INSPECTION_RAS,7.23,0
45,COMP-074,INSPECTION_RAS,7.14,0
45,COMP-075,INSPECTION_RAS,7.14,0
45,COMP-076,INSPECTION_RAS,7.25,0
45,COMP-077,INSPECTION_RAS,7.13,0
45,COMP-078,INSPECTION_RAS,7.27,0
45,COMP-079,INSPECTION_RAS,7.33,0
45,COMP-080,INSPECTION_RAS,7.35,0
45,COMP-081,INSPECTION_RAS,7.24,0
45,COMP-082,INSPECTION_RAS,7.18,0
45,COMP-083,INSPECTION_RAS,7.25,0
45,COMP-084,INSPECTION_RAS,6.98,0
45,COMP-085,INSPECTION_RAS,7.15,0
45,COMP-086,INSPECTION_RAS,6.97,0
45,COMP-087,INSPECTION_RAS,7.13,0
45,COMP-088,INSPECTION_RAS,7.28,0
45,COMP-089,INSPECTION_RAS,3.12,0
45,COMP-090,INSPECTION_RAS,7.14,0
45,COMP-091,INSPECTION_RAS,7.0,0
45,COMP-092,INSPECTION_RAS,3.34,0
45,COMP-093,INSPECTION_RAS,7.2,0
45,COMP-094,MAINT_PREVENTIVE,6.88,400
45,COMP-095,INSPECTION_RAS,6.93,0
45,COMP-096,INSPECTION_RAS,7.31,0
45,COMP-097,INSPECTION_RAS,7.41,0
45,COMP-098,INSPECTION_RAS,6.86,0
45,COMP-099,INSPECTION_RAS,7.14,0
60,COMP-000,INSPECTION_RAS,9.91,0
60,COMP-001,INSPECTION_RAS,9.42,0
60,COMP-002,INSPECTION_RAS,9.77,0
60,COMP-003,INSPECTION_RAS,9.36,0
60,COMP-004,INSPECTION_RAS,9.31,0
60,COMP-005,INSPECTION_RAS,9.62,0
60,COMP-006,INSPECTION_RAS,3.86,0
60,COMP-007,INSPECTION_RAS,9.45,0
60,COMP-008,INSPECTION_RAS,9.43,0
60,COMP-009,INSPECTION_RAS,9.42,0
60,COMP-010,INSPECTION_RAS,3.91,0
60,COMP-011,INSPECTION_RAS,7.7,0
60,COMP-012,INSPECTION_RAS,9.78,0
60,COMP-013,INSPECTION_RAS,9.48,0
60,COMP-014,INSPECTION_RAS,9.51,0
60,COMP-015,INSPECTION_RAS,9.4,0
60,COMP-016,INSPECTION_RAS,9.42,0
60,COMP-017,INSPECTION_RAS,9.84,0
60,COMP-018,INSPECTION_RAS,9.9,0
60,COMP-019,INSPECTION_RAS,9.8,0
60,COMP-020,INSPECTION_RAS,3.11,0
60,COMP-021,INSPECTION_RAS,9.59,0
60,COMP-022,INSPECTION_RAS,9.41,0
60,COMP-023,INSPECTION_RAS,9.45,0
60,COMP-024,INSPECTION_RAS,9.66,0
60,COMP-025,INSPECTION_RAS,9.61,0
60,COMP-026,INSPECTION_RAS,9.59,0
60,COMP-027,INSPECTION_RAS,5.89,0
60,COMP-028,INSPECTION_RAS,9.54,0
60,COMP-029,INSPECTION_RAS,9.71,0
60,COMP-030,INSPECTION_RAS,9.7,0
60,COMP-031,INSPECTION_RAS,9.52,0
60,COMP-032,INSPECTION_RAS,9.83,0
60,COMP-033,MAINT_PREVENTIVE,7.82,400
60,COMP-034,INSPECTION_RAS,9.91,0
60,COMP-035,INSPECTION_RAS,9.51,0
60,COMP-036,INSPECTION_RAS,10.13,0
60,COMP-037,INSPECTION_RAS,9.44,0
60,COMP-038,INSPECTION_RAS,9.66,0
60,COMP-039,INSPECTION_RAS,9.76,0
60,COMP-040,INSPECTION_RAS,9.75,0
60,COMP-041,INSPECTION_RAS,9.57,0
60,COMP-042,INSPECTION_RAS,9.66,0
60,COMP-043,INSPECTION_RAS,9.68,0
60,COMP-044,INSPECTION_RAS,9.78,0
60,COMP-045,INSPECTION_RAS,9.64,0
60,COMP-046,MAINT_PREVENTIVE,9.63,400
60,COMP-047,MAINT_PREVENTIVE,9.12,400
60,COMP-048,INSPECTION_RAS,9.7,0
60,COMP-049,INSPECTION_RAS,9.78,0
60,COMP-050,INSPECTION_RAS,9.96,0
60,COMP-051,INSPECTION_RAS,9.94,0
60,COMP-052,INSPECTION_RAS,9.68,0
60,COMP-053,INSPECTION_RAS,9.56,0
60,COMP-054,INSPECTION_RAS,9.56,0
60,COMP-055,INSPECTION_RAS,9.6,0
60,COMP-056,INSPECTION_RAS,9.56,0
60,COMP-057,INSPECTION_RAS,9.91,0
60,COMP-058,INSPECTION_RAS,9.36,0
60,COMP-059,INSPECTION_RAS,9.83,0
60,COMP-060,INSPECTION_RAS,9.5,0
60,COMP-061,INSPECTION_RAS,9.72,0
60,COMP-062,INSPECTION_RAS,9.52,0
60,COMP-063,INSPECTION_RAS,9.6,0
60,COMP-064,INSPECTION_RAS,9.73,0
60,COMP-065,INSPECTION_RAS,9.42,0
60,COMP-066,INSPECTION_RAS,9.73,0
60,COMP-067,INSPECTION_RAS,7.36,0
60,COMP-068,INSPECTION_RAS,9.8,0
60,COMP-069,INSPECTION_RAS,7.59,0
60,COMP-070,INSPECTION_RAS,9.75,0
60,COMP-071,INSPECTION_RAS,9.66,0
60,COMP-072,INSPECTION_RAS,9.58,0
60,COMP-073,INSPECTION_RAS,9.67,0
60,COMP-074,INSPECTION_RAS,9.58,0
60,COMP-075,INSPECTION_RAS,9.51,0
60,COMP-076,INSPECTION_RAS,9.64,0
60,COMP-077,INSPECTION_RAS,9.43,0
60,COMP-078,INSPECTION_RAS,9.8,0
60,COMP-079,INSPECTION_RAS,9.69,0
60,COMP-080,INSPECTION_RAS,9.65,0
60,COMP-081,INSPECTION_RAS,9.58,0
60,COMP-082,INSPECTION_RAS,9.53,0
60,COMP-083,INSPECTION_RAS,9.71,0
60,COMP-084,INSPECTION_RAS,9.36,0
60,COMP-085,INSPECTION_RAS,9.48,0
60,COMP-086,INSPECTION_RAS,9.33,0
60,COMP-087,INSPECTION_RAS,9.58,0
60,COMP-088,INSPECTION_RAS,9.7,0
60,COMP-089,INSPECTION_RAS,5.48,0
60,COMP-090,INSPECTION_RAS,9.5,0
60,COMP-091,INSPECTION_RAS,9.29,0
60,COMP-092,INSPECTION_RAS,5.77,0
60,COMP-093,INSPECTION_RAS,9.65,0
60,COMP-094,INSPECTION_RAS,3.74,0
60,COMP-095,INSPECTION_RAS,9.32,0
60,COMP-096,INSPECTION_RAS,9.78,0
60,COMP-097,INSPECTION_RAS,9.76,0
60,COMP-098,INSPECTION_RAS,9.46,0
60,COMP-099,INSPECTION_RAS,9.59,0
75,COMP-000,MAINT_PREVENTIVE,12.2,400
75,COMP-001,INSPECTION_RAS,12.0,0
75,COMP-002,MAINT_PREVENTIVE,12.12,400
75,COMP-003,INSPECTION_RAS,11.76,0
75,COMP-004,INSPECTION_RAS,11.52,0
75,COMP-005,MAINT_PREVENTIVE,12.1,400
75,COMP-006,INSPECTION_RAS,6.2,0
75,COMP-007,INSPECTION_RAS,11.87,0
75,COMP-008,INSPECTION_RAS,11.71,0
75,COMP-009,INSPECTION_RAS,11.89,0
75,COMP-010,INSPECTION_RAS,6.26,0
75,COMP-011,INSPECTION_RAS,10.24,0
75,COMP-012,MAINT_PREVENTIVE,12.15,400
75,COMP-013,INSPECTION_RAS,11.81,0
75,COMP-014,INSPECTION_RAS,11.94,0
75,COMP-015,INSPECTION_RAS,11.69,0
75,COMP-016,INSPECTION_RAS,11.84,0
75,COMP-017,MAINT_PREVENTIVE,12.27,400
75,COMP-018,MAINT_PREVENTIVE,12.31,400
75,COMP-019,INSPECTION_RAS,12.19,0
75,COMP-020,INSPECTION_RAS,5.51,0
75,COMP-021,MAINT_PREVENTIVE,12.04,400
75,COMP-022,INSPECTION_RAS,11.77,0
75,COMP-023,INSPECTION_RAS,11.85,0
75,COMP-024,MAINT_PREVENTIVE,12.05,400
75,COMP-025,MAINT_PREVENTIVE,12.0,400
75,COMP-026,INSPECTION_RAS,11.89,0
75,COMP-027,INSPECTION_RAS,8.4,0
75,COMP-028,INSPECTION_RAS,11.9,0
75,COMP-029,INSPECTION_RAS,11.99,0
75,COMP-030,MAINT_PREVENTIVE,12.09,400
75,COMP-031,INSPECTION_RAS,11.87,0
75,COMP-032,MAINT_PREVENTIVE,12.14,400
75,COMP-033,INSPECTION_RAS,3.94,0
75,COMP-034,MAINT_PREVENTIVE,12.24,400
75,COMP-035,INSPECTION_RAS,11.95,0
75,COMP-036,MAINT_PREVENTIVE,12.63,400
75,COMP-037,INSPECTION_RAS,11.82,0
75,COMP-038,MAINT_PREVENTIVE,12.02,400
75,COMP-039,MAINT_PREVENTIVE,12.11,400
75,COMP-040,MAINT_PREVENTIVE,12.13,400
75,COMP-041,INSPECTION_RAS,11.91,0
75,COMP-042,MAINT_PREVENTIVE,12.01,400
75,COMP-043,MAINT_PREVENTIVE,12.08,400
75,COMP-044,MAINT_PREVENTIVE,12.2,400
75,COMP-045,MAINT_PREVENTIVE,12.02,400
75,COMP-046,INSPECTION_RAS,4.25,0
75,COMP-047,INSPECTION_RAS,4.24,0
75,COMP-048,MAINT_PREVENTIVE,12.06,400
75,COMP-049,INSPECTION_RAS,12.15,0
75,COMP-050,MAINT_PREVENTIVE,12.33,400
75,COMP-051,MAINT_PREVENTIVE,12.25,400
75,COMP-052,MAINT_PREVENTIVE,12.15,400
75,COMP-053,INSPECTION_RAS,11.98,0
75,COMP-054,INSPECTION_RAS,11.92,0
75,COMP-055,INSPECTION_RAS,11.9,0
75,COMP-056,INSPECTION_RAS,11.96,0
75,COMP-057,MAINT_PREVENTIVE,12.36,400
75,COMP-058,INSPECTION_RAS,11.76,0
75,COMP-059,MAINT_PREVENTIVE,12.24,400
75,COMP-060,INSPECTION_RAS,11.89,0
75,COMP-061,MAINT_PREVENTIVE,12.06,400
75,COMP-062,INSPECTION_RAS,11.89,0
75,COMP-063,MAINT_PREVENTIVE,12.02,400
75,COMP-064,MAINT_PREVENTIVE,12.16,400
75,COMP-065,INSPECTION_RAS,11.75,0
75,COMP-066,MAINT_PREVENTIVE,12.26,400
75,COMP-067,INSPECTION_RAS,9.76,0
75,COMP-068,MAINT_PREVENTIVE,12.26,400
75,COMP-069,INSPECTION_RAS,9.9,0
75,COMP-070,MAINT_PREVENTIVE,12.26,400
75,COMP-071,MAINT_PREVENTIVE,12.02,400
75,COMP-072,MAINT_PREVENTIVE,12.05,400
75,COMP-073,MAINT_PREVENTIVE,12.12,400
75,COMP-074,INSPECTION_RAS,11.91,0
75,COMP-075,INSPECTION_RAS,11.93,0
75,COMP-076,MAINT_PREVENTIVE,12.01,400
75,COMP-077,INSPECTION_RAS,11.78,0
75,COMP-078,MAINT_PREVENTIVE,12.16,400
75,COMP-079,MAINT_PREVENTIVE,12.01,400
75,COMP-080,MAINT_PREVENTIVE,12.08,400
75,COMP-081,INSPECTION_RAS,11.79,0
75,COMP-082,INSPECTION_RAS,11.85,0
75,COMP-083,MAINT_PREVENTIVE,12.16,400
75,COMP-084,INSPECTION_RAS,11.86,0
75,COMP-085,INSPECTION_RAS,11.77,0
75,COMP-086,INSPECTION_RAS,11.74,0
75,COMP-087,MAINT_PREVENTIVE,12.04,400
75,COMP-088,MAINT_PREVENTIVE,12.1,400
75,COMP-089,INSPECTION_RAS,8.06,0
75,COMP-090,INSPECTION_RAS,11.94,0
75,COMP-091,INSPECTION_RAS,11.64,0
75,COMP-092,INSPECTION_RAS,8.12,0
75,COMP-093,MAINT_PREVENTIVE,12.09,400
75,COMP-094,INSPECTION_RAS,6.3,0
75,COMP-095,INSPECTION_RAS,11.66,0
75,COMP-096,MAINT_PREVENTIVE,12.26,400
75,COMP-097,MAINT_PREVENTIVE,12.29,400
75,COMP-098,MAINT_PREVENTIVE,11.99,400
75,COMP-099,INSPECTION_RAS,12.05,0
90,COMP-000,INSPECTION_RAS,5.01,0
90,COMP-001,MAINT_PREVENTIVE,14.43,400
90,COMP-002,INSPECTION_RAS,4.81,0
90,COMP-003,INSPECTION_RAS,14.13,0
90,COMP-004,MAINT_PREVENTIVE,14.0,400
90,COMP-005,INSPECTION_RAS,4.86,0
90,COMP-006,INSPECTION_RAS,8.6,0
90,COMP-007,MAINT_PREVENTIVE,14.19,400
90,COMP-008,MAINT_PREVENTIVE,14.13,400
90,COMP-009,MAINT_PREVENTIVE,14.38,400
90,COMP-010,INSPECTION_RAS,8.53,0
90,COMP-011,INSPECTION_RAS,12.64,0
90,COMP-012,INSPECTION_RAS,4.88,0
90,COMP-013,MAINT_PREVENTIVE,14.3,400
90,COMP-014,MAINT_PREVENTIVE,14.4,400
90,COMP-015,MAINT_PREVENTIVE,14.04,400
90,COMP-016,MAINT_PREVENTIVE,14.22,400
90,COMP-017,INSPECTION_RAS,4.77,0
90,COMP-018,INSPECTION_RAS,4.85,0
90,COMP-019,MAINT_PREVENTIVE,14.71,400
90,COMP-020,INSPECTION_RAS,7.99,0
90,COMP-021,INSPECTION_RAS,4.66,0
90,COMP-022,MAINT_PREVENTIVE,14.09,400
90,COMP-023,MAINT_PREVENTIVE,14.11,400
90,COMP-024,INSPECTION_RAS,4.75,0
90,COMP-025,INSPECTION_RAS,4.61,0
90,COMP-026,MAINT_PREVENTIVE,14.42,400
90,COMP-027,MAINT_PREVENTIVE,10.62,400
90,COMP-028,MAINT_PREVENTIVE,14.17,400
90,COMP-029,MAINT_PREVENTIVE,14.5,400
90,COMP-030,INSPECTION_RAS,4.84,0
90,COMP-031,MAINT_PREVENTIVE,14.29,400
90,COMP-032,INSPECTION_RAS,4.98,0
90,COMP-033,INSPECTION_RAS,6.38,0
90,COMP-034,INSPECTION_RAS,4.75,0
90,COMP-035,MAINT_PREVENTIVE,14.25,400
90,COMP-036,MAINT_PREVENTIVE,4.73,400
90,COMP-037,MAINT_PREVENTIVE,14.25,400
90,COMP-038,INSPECTION_RAS,4.72,0
90,COMP-039,INSPECTION_RAS,4.86,0
90,COMP-040,INSPECTION_RAS,4.75,0
90,COMP-041,MAINT_PREVENTIVE,14.51,400
90,COMP-042,INSPECTION_RAS,4.69,0
90,COMP-043,INSPECTION_RAS,4.8,0
90,COMP-044,INSPECTION_RAS,4.89,0
90,COMP-045,INSPECTION_RAS,4.79,0
90,COMP-046,INSPECTION_RAS,6.43,0
90,COMP-047,INSPECTION_RAS,6.77,0
90,COMP-048,INSPECTION_RAS,4.87,0
90,COMP-049,MAINT_PREVENTIVE,14.61,400
90,COMP-050,INSPECTION_RAS,4.81,0
90,COMP-051,INSPECTION_RAS,4.73,0
90,COMP-052,INSPECTION_RAS,4.68,0
90,COMP-053,MAINT_PREVENTIVE,14.46,400
90,COMP-054,MAINT_PREVENTIVE,14.28,400
90,COMP-055,MAINT_PREVENTIVE,14.31,400
90,COMP-056,MAINT_PREVENTIVE,14.34,400
90,COMP-057,INSPECTION_RAS,4.97,0
90,COMP-058,INSPECTION_RAS,14.42,0
90,COMP-059,INSPECTION_RAS,5.0,0
90,COMP-060,MAINT_PREVENTIVE,14.31,400
90,COMP-061,INSPECTION_RAS,4.99,0
90,COMP-062,INSPECTION_RAS,14.27,0
90,COMP-063,MAINT_PREVENTIVE,4.77,400
90,COMP-064,INSPECTION_RAS,4.81,0
90,COMP-065,MAINT_PREVENTIVE,14.23,400
90,COMP-066,INSPECTION_RAS,4.81,0
90,COMP-067,MAINT_PREVENTIVE,12.1,400
90,COMP-068,INSPECTION_RAS,4.75,0
90,COMP-069,INSPECTION_RAS,12.3,0
90,COMP-070,INSPECTION_RAS,4.66,0
90,COMP-071,INSPECTION_RAS,4.85,0
90,COMP-072,INSPECTION_RAS,4.83,0
90,COMP-073,INSPECTION_RAS,4.88,0
90,COMP-074,MAINT_PREVENTIVE,14.46,400
90,COMP-075,MAINT_PREVENTIVE,14.23,400
90,COMP-076,MAINT_PREVENTIVE,4.85,400
90,COMP-077,MAINT_PREVENTIVE,14.2,400
90,COMP-078,INSPECTION_RAS,4.98,0
90,COMP-079,INSPECTION_RAS,4.71,0
90,COMP-080,MAINT_PREVENTIVE,4.89,400
90,COMP-081,MAINT_PREVENTIVE,14.26,400
90,COMP-082,MAINT_PREVENTIVE,14.3,400
90,COMP-083,INSPECTION_RAS,4.8,0
90,COMP-084,MAINT_PREVENTIVE,14.11,400
90,COMP-085,MAINT_PREVENTIVE,14.17,400
90,COMP-086,MAINT_PREVENTIVE,14.15,400
90,COMP-087,INSPECTION_RAS,4.74,0
90,COMP-088,MAINT_PREVENTIVE,4.92,400
90,COMP-089,INSPECTION_RAS,10.59,0
90,COMP-090,MAINT_PREVENTIVE,14.3,400
90,COMP-091,MAINT_PREVENTIVE,14.25,400
90,COMP-092,INSPECTION_RAS,10.67,0
90,COMP-093,MAINT_PREVENTIVE,4.88,400
90,COMP-094,INSPECTION_RAS,8.59,0
90,COMP-095,MAINT_PREVENTIVE,13.9,400
90,COMP-096,INSPECTION_RAS,4.77,0
90,COMP-097,INSPECTION_RAS,4.73,0
90,COMP-098,INSPECTION_RAS,4.75,0
90,COMP-099,MAINT_PREVENTIVE,14.39,400
100,COMP-000,MAINT_SYSTEMATIQUE,6.67,1200
100,COMP-001,MAINT_SYSTEMATIQUE,4.52,1200
100,COMP-002,MAINT_SYSTEMATIQUE,6.22,1200
100,COMP-003,MAINT_SYSTEMATIQUE,15.74,1200
100,COMP-004,MAINT_SYSTEMATIQUE,4.41,1200
100,COMP-005,MAINT_SYSTEMATIQUE,6.48,1200
100,COMP-006,MAINT_SYSTEMATIQUE,10.12,1200
100,COMP-007,MAINT_SYSTEMATIQUE,4.43,1200
100,COMP-008,MAINT_SYSTEMATIQUE,4.41,1200
100,COMP-009,MAINT_SYSTEMATIQUE,4.52,1200
100,COMP-010,MAINT_SYSTEMATIQUE,10.1,1200
100,COMP-011,MAINT_SYSTEMATIQUE,14.22,1200
100,COMP-012,MAINT_SYSTEMATIQUE,6.58,1200
100,COMP-013,MAINT_SYSTEMATIQUE,4.49,1200
100,COMP-014,MAINT_SYSTEMATIQUE,4.5,1200
100,COMP-015,MAINT_SYSTEMATIQUE,4.32,1200
100,COMP-016,MAINT_SYSTEMATIQUE,4.46,1200
100,COMP-017,MAINT_SYSTEMATIQUE,6.24,1200
100,COMP-018,MAINT_SYSTEMATIQUE,6.47,1200
100,COMP-019,MAINT_SYSTEMATIQUE,4.49,1200
100,COMP-020,MAINT_SYSTEMATIQUE,9.69,1200
100,COMP-021,MAINT_SYSTEMATIQUE,6.17,1200
100,COMP-022,MAINT_SYSTEMATIQUE,4.44,1200
100,COMP-023,MAINT_SYSTEMATIQUE,4.39,1200
100,COMP-024,MAINT_SYSTEMATIQUE,6.42,1200
100,COMP-025,MAINT_SYSTEMATIQUE,6.21,1200
100,COMP-026,MAINT_SYSTEMATIQUE,4.51,1200
100,COMP-027,MAINT_SYSTEMATIQUE,3.86,1200
100,COMP-028,MAINT_SYSTEMATIQUE,4.53,1200
100,COMP-029,MAINT_SYSTEMATIQUE,4.58,1200
100,COMP-030,MAINT_SYSTEMATIQUE,6.38,1200
100,COMP-031,MAINT_SYSTEMATIQUE,4.39,1200
100,COMP-032,MAINT_SYSTEMATIQUE,6.5,1200
100,COMP-033,MAINT_SYSTEMATIQUE,8.15,1200
100,COMP-034,MAINT_SYSTEMATIQUE,6.54,1200
100,COMP-035,MAINT_SYSTEMATIQUE,4.53,1200
100,COMP-036,MAINT_SYSTEMATIQUE,2.53,1200
100,COMP-037,MAINT_SYSTEMATIQUE,4.37,1200
100,COMP-038,MAINT_SYSTEMATIQUE,6.45,1200
100,COMP-039,MAINT_SYSTEMATIQUE,6.4,1200
100,COMP-040,MAINT_SYSTEMATIQUE,6.27,1200
100,COMP-041,MAINT_SYSTEMATIQUE,4.48,1200
100,COMP-042,MAINT_SYSTEMATIQUE,6.23,1200
100,COMP-043,MAINT_SYSTEMATIQUE,6.43,1200
100,COMP-044,MAINT_SYSTEMATIQUE,6.48,1200
100,COMP-045,MAINT_SYSTEMATIQUE,6.48,1200
100,COMP-046,MAINT_SYSTEMATIQUE,8.0,1200
100,COMP-047,MAINT_SYSTEMATIQUE,8.38,1200
100,COMP-048,MAINT_SYSTEMATIQUE,6.45,1200
100,COMP-049,MAINT_SYSTEMATIQUE,4.46,1200
100,COMP-050,MAINT_SYSTEMATIQUE,6.42,1200
100,COMP-051,MAINT_SYSTEMATIQUE,6.42,1200
100,COMP-052,MAINT_SYSTEMATIQUE,6.27,1200
100,COMP-053,MAINT_SYSTEMATIQUE,4.38,1200
100,COMP-054,MAINT_SYSTEMATIQUE,4.46,1200
100,COMP-055,MAINT_SYSTEMATIQUE,4.65,1200
100,COMP-056,MAINT_SYSTEMATIQUE,4.45,1200
100,COMP-057,MAINT_SYSTEMATIQUE,6.62,1200
100,COMP-058,MAINT_SYSTEMATIQUE,16.05,1200
100,COMP-059,MAINT_SYSTEMATIQUE,6.64,1200
100,COMP-060,MAINT_SYSTEMATIQUE,4.37,1200
100,COMP-061,MAINT_SYSTEMATIQUE,6.63,1200
100,COMP-062,MAINT_SYSTEMATIQUE,15.67,1200
100,COMP-063,MAINT_SYSTEMATIQUE,2.47,1200
100,COMP-064,MAINT_SYSTEMATIQUE,6.49,1200
100,COMP-065,MAINT_SYSTEMATIQUE,4.45,1200
100,COMP-066,MAINT_SYSTEMATIQUE,6.65,1200
100,COMP-067,MAINT_SYSTEMATIQUE,4.0,1200
100,COMP-068,MAINT_SYSTEMATIQUE,6.32,1200
100,COMP-069,MAINT_SYSTEMATIQUE,14.07,1200
100,COMP-070,MAINT_SYSTEMATIQUE,6.24,1200
100,COMP-071,MAINT_SYSTEMATIQUE,6.48,1200
100,COMP-072,MAINT_SYSTEMATIQUE,6.42,1200
100,COMP-073,MAINT_SYSTEMATIQUE,6.47,1200
100,COMP-074,MAINT_SYSTEMATIQUE,4.51,1200
100,COMP-075,MAINT_SYSTEMATIQUE,4.51,1200
100,COMP-076,MAINT_SYSTEMATIQUE,2.71,1200
100,COMP-077,MAINT_SYSTEMATIQUE,4.5,1200
100,COMP-078,MAINT_SYSTEMATIQUE,6.47,1200
100,COMP-079,MAINT_SYSTEMATIQUE,6.25,1200
100,COMP-080,MAINT_SYSTEMATIQUE,2.63,1200
100,COMP-081,MAINT_SYSTEMATIQUE,4.33,1200
100,COMP-082,MAINT_SYSTEMATIQUE,4.47,1200
100,COMP-083,MAINT_SYSTEMATIQUE,6.4,1200
100,COMP-084,MAINT_SYSTEMATIQUE,4.38,1200
100,COMP-085,MAINT_SYSTEMATIQUE,4.46,1200
100,COMP-086,MAINT_SYSTEMATIQUE,4.44,1200
100,COMP-087,MAINT_SYSTEMATIQUE,6.53,1200
100,COMP-088,MAINT_SYSTEMATIQUE,2.73,1200
100,COMP-089,MAINT_SYSTEMATIQUE,12.19,1200
100,COMP-090,MAINT_SYSTEMATIQUE,4.39,1200
100,COMP-091,MAINT_SYSTEMATIQUE,4.44,1200
100,COMP-092,MAINT_SYSTEMATIQUE,12.22,1200
100,COMP-093,MAINT_SYSTEMATIQUE,2.65,1200
100,COMP-094,MAINT_SYSTEMATIQUE,10.25,1200
100,COMP-095,MAINT_SYSTEMATIQUE,4.4,1200
100,COMP-096,MAINT_SYSTEMATIQUE,6.4,1200
100,COMP-097,MAINT_SYSTEMATIQUE,6.43,1200
100,COMP-098,MAINT_SYSTEMATIQUE,6.41,1200
100,COMP-099,MAINT_SYSTEMATIQUE,4.58,1200
105,COMP-000,INSPECTION_RAS,0.83,0
105,COMP-001,INSPECTION_RAS,0.79,0
105,COMP-002,INSPECTION_RAS,0.78,0
105,COMP-003,INSPECTION_RAS,0.94,0
105,COMP-004,INSPECTION_RAS,0.82,0
105,COMP-005,INSPECTION_RAS,0.88,0
105,COMP-006,INSPECTION_RAS,0.85,0
105,COMP-007,INSPECTION_RAS,0.81,0
105,COMP-008,INSPECTION_RAS,0.9,0
105,COMP-009,MAINT_PREVENTIVE,0.8,400
105,COMP-010,INSPECTION_RAS,0.7,0
105,COMP-011,INSPECTION_RAS,0.86,0
105,COMP-012,INSPECTION_RAS,0.7,0
105,COMP-013,INSPECTION_RAS,0.73,0
105,COMP-014,INSPECTION_RAS,0.84,0
105,COMP-015,INSPECTION_RAS,0.82,0
105,COMP-016,INSPECTION_RAS,0.77,0
105,COMP-017,INSPECTION_RAS,0.86,0
105,COMP-018,INSPECTION_RAS,0.8,0
105,COMP-019,INSPECTION_RAS,0.82,0
105,COMP-020,INSPECTION_RAS,0.74,0
105,COMP-021,MAINT_PREVENTIVE,0.78,400
105,COMP-022,INSPECTION_RAS,0.78,0
105,COMP-023,INSPECTION_RAS,0.79,0
105,COMP-024,INSPECTION_RAS,0.84,0
105,COMP-025,INSPECTION_RAS,0.74,0
105,COMP-026,INSPECTION_RAS,0.91,0
105,COMP-027,INSPECTION_RAS,0.78,0
105,COMP-028,INSPECTION_RAS,0.76,0
105,COMP-029,INSPECTION_RAS,0.85,0
105,COMP-030,INSPECTION_RAS,0.81,0
105,COMP-031,INSPECTION_RAS,0.78,0
105,COMP-032,INSPECTION_RAS,0.82,0
105,COMP-033,INSPECTION_RAS,0.81,0
105,COMP-034,INSPECTION_RAS,0.93,0
105,COMP-035,INSPECTION_RAS,0.75,0
105,COMP-036,INSPECTION_RAS,0.81,0
105,COMP-037,INSPECTION_RAS,0.71,0
105,COMP-038,INSPECTION_RAS,0.88,0
105,COMP-039,INSPECTION_RAS,0.85,0
105,COMP-040,INSPECTION_RAS,0.77,0
105,COMP-041,INSPECTION_RAS,0.86,0
105,COMP-042,INSPECTION_RAS,0.72,0
105,COMP-043,INSPECTION_RAS,0.8,0
105,COMP-044,INSPECTION_RAS,0.8,0
105,COMP-045,INSPECTION_RAS,0.91,0
105,COMP-046,INSPECTION_RAS,0.7,0
105,COMP-047,INSPECTION_RAS,0.83,0
105,COMP-048,INSPECTION_RAS,0.72,0
105,COMP-049,INSPECTION_RAS,0.8,0
105,COMP-050,INSPECTION_RAS,0.75,0
105,COMP-051,INSPECTION_RAS,0.76,0
105,COMP-052,INSPECTION_RAS,0.8,0
105,COMP-053,INSPECTION_RAS,0.79,0
105,COMP-054,INSPECTION_RAS,0.91,0
105,COMP-055,INSPECTION_RAS,0.9,0
105,COMP-056,INSPECTION_RAS,0.76,0
105,COMP-057,INSPECTION_RAS,0.7,0
105,COMP-058,INSPECTION_RAS,0.84,0
105,COMP-059,INSPECTION_RAS,0.79,0
105,COMP-060,INSPECTION_RAS,0.72,0
105,COMP-061,INSPECTION_RAS,0.77,0
105,COMP-062,INSPECTION_RAS,0.85,0
105,COMP-063,INSPECTION_RAS,0.73,0
105,COMP-064,INSPECTION_RAS,0.83,0
105,COMP-065,INSPECTION_RAS,0.89,0
105,COMP-066,INSPECTION_RAS,0.75,0
105,COMP-067,INSPECTION_RAS,0.85,0
105,COMP-068,INSPECTION_RAS,0.77,0
105,COMP-069,INSPECTION_RAS,0.86,0
105,COMP-070,INSPECTION_RAS,0.87,0
105,COMP-071,INSPECTION_RAS,0.75,0
105,COMP-072,INSPECTION_RAS,0.93,0
105,COMP-073,INSPECTION_RAS,0.71,0
105,COMP-074,INSPECTION_RAS,0.87,0
105,COMP-075,INSPECTION_RAS,0.79,0
105,COMP-076,INSPECTION_RAS,0.82,0
105,COMP-077,INSPECTION_RAS,0.72,0
105,COMP-078,INSPECTION_RAS,0.83,0
105,COMP-079,INSPECTION_RAS,0.89,0
105,COMP-080,INSPECTION_RAS,0.75,0
105,COMP-081,INSPECTION_RAS,0.7,0
105,COMP-082,INSPECTION_RAS,0.73,0
105,COMP-083,INSPECTION_RAS,0.81,0
105,COMP-084,INSPECTION_RAS,0.83,0
105,COMP-085,INSPECTION_RAS,0.87,0
105,COMP-086,INSPECTION_RAS,0.78,0
105,COMP-087,INSPECTION_RAS,0.86,0
105,COMP-088,INSPECTION_RAS,0.82,0
105,COMP-089,INSPECTION_RAS,0.76,0
105,COMP-090,INSPECTION_RAS,0.78,0
105,COMP-091,INSPECTION_RAS,0.78,0
105,COMP-092,INSPECTION_RAS,0.77,0
105,COMP-093,INSPECTION_RAS,0.93,0
105,COMP-094,INSPECTION_RAS,0.69,0
105,COMP-095,INSPECTION_RAS,0.77,0
105,COMP-096,INSPECTION_RAS,0.86,0
105,COMP-097,INSPECTION_RAS,0.65,0
105,COMP-098,INSPECTION_RAS,0.8,0
105,COMP-099,INSPECTION_RAS,0.88,0
120,COMP-000,INSPECTION_RAS,3.2,0
120,COMP-001,INSPECTION_RAS,3.16,0
120,COMP-002,INSPECTION_RAS,3.25,0
120,COMP-003,INSPECTION_RAS,3.27,0
120,COMP-004,INSPECTION_RAS,3.24,0
120,COMP-005,INSPECTION_RAS,3.37,0
120,COMP-006,INSPECTION_RAS,3.26,0
120,COMP-007,INSPECTION_RAS,3.25,0
120,COMP-008,INSPECTION_RAS,3.27,0
120,COMP-009,INSPECTION_RAS,2.72,0
120,COMP-010,INSPECTION_RAS,2.95,0
120,COMP-011,INSPECTION_RAS,3.24,0
120,COMP-012,INSPECTION_RAS,3.24,0
120,COMP-013,INSPECTION_RAS,3.23,0
120,COMP-014,INSPECTION_RAS,3.25,0
120,COMP-015,INSPECTION_RAS,3.36,0
120,COMP-016,INSPECTION_RAS,3.15,0
120,COMP-017,INSPECTION_RAS,3.36,0
120,COMP-018,INSPECTION_RAS,3.18,0
120,COMP-019,INSPECTION_RAS,3.27,0
120,COMP-020,INSPECTION_RAS,3.24,0
120,COMP-021,INSPECTION_RAS,2.46,0
120,COMP-022,INSPECTION_RAS,3.04,0
120,COMP-023,MAINT_PREVENTIVE,3.3,400
120,COMP-024,INSPECTION_RAS,3.35,0
120,COMP-025,INSPECTION_RAS,3.3,0
120,COMP-026,INSPECTION_RAS,3.33,0
120,COMP-027,INSPECTION_RAS,3.07,0
120,COMP-028,INSPECTION_RAS,3.08,0
120,COMP-029,INSPECTION_RAS,3.41,0
120,COMP-030,INSPECTION_RAS,3.31,0
120,COMP-031,INSPECTION_RAS,3.15,0
120,COMP-032,INSPECTION_RAS,3.01,0
120,COMP-033,INSPECTION_RAS,3.27,0
120,COMP-034,INSPECTION_RAS,3.37,0
120,COMP-035,INSPECTION_RAS,3.14,0
120,COMP-036,INSPECTION_RAS,3.2,0
120,COMP-037,INSPECTION_RAS,3.06,0
120,COMP-038,INSPECTION_RAS,3.56,0
120,COMP-039,INSPECTION_RAS,3.31,0
120,COMP-040,INSPECTION_RAS,3.24,0
120,COMP-041,INSPECTION_RAS,3.4,0
120,COMP-042,INSPECTION_RAS,3.0,0
120,COMP-043,INSPECTION_RAS,3.31,0
120,COMP-044,INSPECTION_RAS,3.37,0
120,COMP-045,INSPECTION_RAS,3.42,0
120,COMP-046,INSPECTION_RAS,3.25,0
120,COMP-047,MAINT_PREVENTIVE,3.33,400
120,COMP-048,INSPECTION_RAS,3.1,0
120,COMP-049,INSPECTION_RAS,3.24,0
120,COMP-050,INSPECTION_RAS,3.21,0
120,COMP-051,INSPECTION_RAS,3.37,0
120,COMP-052,INSPECTION_RAS,3.27,0
120,COMP-053,INSPECTION_RAS,3.38,0
120,COMP-054,INSPECTION_RAS,3.31,0
120,COMP-055,INSPECTION_RAS,3.36,0
120,COMP-056,INSPECTION_RAS,3.15,0
120,COMP-057,INSPECTION_RAS,2.99,0
120,COMP-058,INSPECTION_RAS,3.25,0
120,COMP-059,INSPECTION_RAS,3.25,0
120,COMP-060,INSPECTION_RAS,3.07,0
120,COMP-061,INSPECTION_RAS,3.27,0
120,COMP-062,MAINT_PREVENTIVE,3.13,400
120,COMP-063,INSPECTION_RAS,3.14,0
120,COMP-064,INSPECTION_RAS,3.17,0
120,COMP-065,INSPECTION_RAS,3.2,0
120,COMP-066,INSPECTION_RAS,3.07,0
120,COMP-067,INSPECTION_RAS,3.32,0
120,COMP-068,INSPECTION_RAS,3.21,0
120,COMP-069,INSPECTION_RAS,3.3,0
120,COMP-070,INSPECTION_RAS,3.3,0
120,COMP-071,INSPECTION_RAS,3.06,0
120,COMP-072,INSPECTION_RAS,3.38,0
120,COMP-073,INSPECTION_RAS,2.97,0
120,COMP-074,MAINT_PREVENTIVE,3.24,400
120,COMP-075,INSPECTION_RAS,3.4,0
120,COMP-076,INSPECTION_RAS,3.46,0
120,COMP-077,INSPECTION_RAS,3.04,0
120,COMP-078,INSPECTION_RAS,3.17,0
120,COMP-079,INSPECTION_RAS,3.49,0
120,COMP-080,INSPECTION_RAS,3.02,0
120,COMP-081,INSPECTION_RAS,3.11,0
120,COMP-082,INSPECTION_RAS,3.17,0
120,COMP-083,INSPECTION_RAS,3.21,0
120,COMP-084,MAINT_PREVENTIVE,3.15,400
120,COMP-085,INSPECTION_RAS,3.26,0
120,COMP-086,INSPECTION_RAS,3.13,0
120,COMP-087,INSPECTION_RAS,3.1,0
120,COMP-088,INSPECTION_RAS,3.38,0
120,COMP-089,INSPECTION_RAS,3.19,0
120,COMP-090,MAINT_PREVENTIVE,3.26,400
120,COMP-091,INSPECTION_RAS,3.09,0
120,COMP-092,INSPECTION_RAS,3.24,0
120,COMP-093,INSPECTION_RAS,3.19,0
120,COMP-094,INSPECTION_RAS,3.11,0
120,COMP-095,INSPECTION_RAS,3.04,0
120,COMP-096,MAINT_PREVENTIVE,3.37,400
120,COMP-097,INSPECTION_RAS,3.23,0
120,COMP-098,INSPECTION_RAS,3.21,0
120,COMP-099,INSPECTION_RAS,3.25,0
135,COMP-000,INSPECTION_RAS,5.6,0
135,COMP-001,INSPECTION_RAS,5.45,0
135,COMP-002,INSPECTION_RAS,5.61,0
135,COMP-003,INSPECTION_RAS,5.68,0
135,COMP-004,INSPECTION_RAS,5.63,0
135,COMP-005,INSPECTION_RAS,5.69,0
135,COMP-006,INSPECTION_RAS,5.5,0
135,COMP-007,INSPECTION_RAS,5.8,0
135,COMP-008,INSPECTION_RAS,5.83,0
135,COMP-009,INSPECTION_RAS,5.12,0
135,COMP-010,INSPECTION_RAS,5.33,0
135,COMP-011,INSPECTION_RAS,5.75,0
135,COMP-012,INSPECTION_RAS,5.68,0
135,COMP-013,INSPECTION_RAS,5.78,0
135,COMP-014,INSPECTION_RAS,5.65,0
135,COMP-015,INSPECTION_RAS,5.91,0
135,COMP-016,INSPECTION_RAS,5.42,0
135,COMP-017,INSPECTION_RAS,5.86,0
135,COMP-018,INSPECTION_RAS,5.73,0
135,COMP-019,INSPECTION_RAS,5.7,0
135,COMP-020,INSPECTION_RAS,5.46,0
135,COMP-021,INSPECTION_RAS,4.97,0
135,COMP-022,INSPECTION_RAS,5.23,0
135,COMP-023,INSPECTION_RAS,2.98,0
135,COMP-024,INSPECTION_RAS,5.8,0
135,COMP-025,INSPECTION_RAS,5.73,0
135,COMP-026,INSPECTION_RAS,5.71,0
135,COMP-027,INSPECTION_RAS,5.28,0
135,COMP-028,MAINT_PREVENTIVE,5.44,400
135,COMP-029,INSPECTION_RAS,5.78,0
135,COMP-030,INSPECTION_RAS,5.8,0
135,COMP-031,INSPECTION_RAS,5.6,0
135,COMP-032,INSPECTION_RAS,5.52,0
135,COMP-033,INSPECTION_RAS,5.68,0
135,COMP-034,INSPECTION_RAS,5.83,0
135,COMP-035,INSPECTION_RAS,5.54,0
135,COMP-036,INSPECTION_RAS,5.71,0
135,COMP-037,INSPECTION_RAS,5.48,0
135,COMP-038,INSPECTION_RAS,5.9,0
135,COMP-039,INSPECTION_RAS,5.73,0
135,COMP-040,INSPECTION_RAS,5.71,0
135,COMP-041,INSPECTION_RAS,5.86,0
135,COMP-042,INSPECTION_RAS,5.46,0
135,COMP-043,MAINT_PREVENTIVE,5.74,400
135,COMP-044,INSPECTION_RAS,5.75,0
135,COMP-045,INSPECTION_RAS,5.86,0
135,COMP-046,INSPECTION_RAS,5.86,0
135,COMP-047,INSPECTION_RAS,2.87,0
135,COMP-048,MAINT_PREVENTIVE,5.45,400
135,COMP-049,INSPECTION_RAS,5.48,0
135,COMP-050,INSPECTION_RAS,5.51,0
135,COMP-051,INSPECTION_RAS,5.88,0
135,COMP-052,INSPECTION_RAS,5.89,0
135,COMP-053,INSPECTION_RAS,5.81,0
135,COMP-054,INSPECTION_RAS,5.72,0
135,COMP-055,INSPECTION_RAS,5.87,0
135,COMP-056,INSPECTION_RAS,5.68,0
135,COMP-057,INSPECTION_RAS,5.31,0
135,COMP-058,INSPECTION_RAS,5.6,0
135,COMP-059,INSPECTION_RAS,5.78,0
135,COMP-060,INSPECTION_RAS,5.45,0
135,COMP-061,INSPECTION_RAS,5.67,0
135,COMP-062,INSPECTION_RAS,3.07,0
135,COMP-063,INSPECTION_RAS,5.39,0
135,COMP-064,INSPECTION_RAS,5.62,0
135,COMP-065,MAINT_PREVENTIVE,5.61,400
135,COMP-066,INSPECTION_RAS,5.45,0
135,COMP-067,INSPECTION_RAS,5.79,0
135,COMP-068,INSPECTION_RAS,5.78,0
135,COMP-069,INSPECTION_RAS,5.78,0
135,COMP-070,INSPECTION_RAS,5.77,0
135,COMP-071,INSPECTION_RAS,5.44,0
135,COMP-072,INSPECTION_RAS,5.89,0
135,COMP-073,INSPECTION_RAS,5.36,0
135,COMP-074,INSPECTION_RAS,3.07,0
135,COMP-075,INSPECTION_RAS,6.07,0
135,COMP-076,INSPECTION_RAS,5.75,0
135,COMP-077,INSPECTION_RAS,5.45,0
135,COMP-078,INSPECTION_RAS,5.65,0
135,COMP-079,INSPECTION_RAS,5.88,0
135,COMP-080,INSPECTION_RAS,5.6,0
135,COMP-081,INSPECTION_RAS,5.55,0
135,COMP-082,INSPECTION_RAS,5.74,0
135,COMP-083,INSPECTION_RAS,5.53,0
135,COMP-084,INSPECTION_RAS,3.0,0
135,COMP-085,INSPECTION_RAS,5.78,0
135,COMP-086,INSPECTION_RAS,5.69,0
135,COMP-087,INSPECTION_RAS,5.47,0
135,COMP-088,INSPECTION_RAS,5.75,0
135,COMP-089,INSPECTION_RAS,5.5,0
135,COMP-090,INSPECTION_RAS,3.14,0
135,COMP-091,INSPECTION_RAS,5.58,0
135,COMP-092,INSPECTION_RAS,5.68,0
135,COMP-093,INSPECTION_RAS,5.36,0
135,COMP-094,MAINT_PREVENTIVE,5.55,400
135,COMP-095,INSPECTION_RAS,5.53,0
135,COMP-096,INSPECTION_RAS,3.09,0
135,COMP-097,INSPECTION_RAS,5.78,0
135,COMP-098,INSPECTION_RAS,5.58,0
135,COMP-099,MAINT_PREVENTIVE,5.69,400
150,COMP-000,INSPECTION_RAS,8.09,0
150,COMP-001,INSPECTION_RAS,7.72,0
150,COMP-002,INSPECTION_RAS,8.09,0
150,COMP-003,INSPECTION_RAS,7.95,0
150,COMP-004,INSPECTION_RAS,8.06,0
150,COMP-005,INSPECTION_RAS,8.15,0
150,COMP-006,INSPECTION_RAS,7.97,0
150,COMP-007,INSPECTION_RAS,8.35,0
150,COMP-008,INSPECTION_RAS,8.2,0
150,COMP-009,MAINT_PREVENTIVE,7.45,400
150,COMP-010,INSPECTION_RAS,7.8,0
150,COMP-011,INSPECTION_RAS,8.2,0
150,COMP-012,INSPECTION_RAS,8.01,0
150,COMP-013,INSPECTION_RAS,8.3,0
150,COMP-014,INSPECTION_RAS,8.01,0
150,COMP-015,INSPECTION_RAS,8.41,0
150,COMP-016,INSPECTION_RAS,7.7,0
150,COMP-017,INSPECTION_RAS,8.32,0
150,COMP-018,INSPECTION_RAS,8.02,0
150,COMP-019,INSPECTION_RAS,8.08,0
150,COMP-020,INSPECTION_RAS,7.84,0
150,COMP-021,INSPECTION_RAS,7.54,0
150,COMP-022,INSPECTION_RAS,7.72,0
150,COMP-023,INSPECTION_RAS,5.35,0
150,COMP-024,INSPECTION_RAS,8.28,0
150,COMP-025,INSPECTION_RAS,8.15,0
150,COMP-026,INSPECTION_RAS,8.2,0
150,COMP-027,INSPECTION_RAS,7.57,0
150,COMP-028,INSPECTION_RAS,3.46,0
150,COMP-029,INSPECTION_RAS,8.16,0
150,COMP-030,INSPECTION_RAS,8.28,0
150,COMP-031,INSPECTION_RAS,7.83,0
150,COMP-032,INSPECTION_RAS,8.0,0
150,COMP-033,INSPECTION_RAS,8.1,0
150,COMP-034,INSPECTION_RAS,8.33,0
150,COMP-035,INSPECTION_RAS,8.09,0
150,COMP-036,INSPECTION_RAS,8.12,0
150,COMP-037,INSPECTION_RAS,7.9,0
150,COMP-038,INSPECTION_RAS,8.18,0
150,COMP-039,INSPECTION_RAS,8.07,0
150,COMP-040,INSPECTION_RAS,8.15,0
150,COMP-041,INSPECTION_RAS,8.2,0
150,COMP-042,INSPECTION_RAS,8.03,0
150,COMP-043,MAINT_PREVENTIVE,3.6,400
150,COMP-044,INSPECTION_RAS,8.25,0
150,COMP-045,INSPECTION_RAS,8.28,0
150,COMP-046,INSPECTION_RAS,8.12,0
150,COMP-047,INSPECTION_RAS,5.32,0
150,COMP-048,MAINT_PREVENTIVE,3.57,400
150,COMP-049,INSPECTION_RAS,7.96,0
150,COMP-050,INSPECTION_RAS,7.98,0
150,COMP-051,MAINT_PREVENTIVE,8.43,400
150,COMP-052,INSPECTION_RAS,8.35,0
150,COMP-053,INSPECTION_RAS,8.14,0
150,COMP-054,INSPECTION_RAS,7.9,0
150,COMP-055,INSPECTION_RAS,8.14,0
150,COMP-056,INSPECTION_RAS,8.11,0
150,COMP-057,INSPECTION_RAS,7.73,0
150,COMP-058,INSPECTION_RAS,7.84,0
150,COMP-059,INSPECTION_RAS,8.27,0
150,COMP-060,INSPECTION_RAS,8.03,0
150,COMP-061,INSPECTION_RAS,8.01,0
150,COMP-062,INSPECTION_RAS,5.4,0
150,COMP-063,INSPECTION_RAS,7.9,0
150,COMP-064,INSPECTION_RAS,8.07,0
150,COMP-065,INSPECTION_RAS,3.45,0
150,COMP-066,INSPECTION_RAS,7.75,0
150,COMP-067,INSPECTION_RAS,8.14,0
150,COMP-068,INSPECTION_RAS,8.2,0
150,COMP-069,INSPECTION_RAS,8.13,0
150,COMP-070,INSPECTION_RAS,7.95,0
150,COMP-071,INSPECTION_RAS,7.73,0
150,COMP-072,INSPECTION_RAS,8.25,0
150,COMP-073,INSPECTION_RAS,7.97,0
150,COMP-074,INSPECTION_RAS,5.37,0
150,COMP-075,INSPECTION_RAS,8.56,0
150,COMP-076,INSPECTION_RAS,8.18,0
150,COMP-077,INSPECTION_RAS,8.02,0
150,COMP-078,INSPECTION_RAS,8.09,0
150,COMP-079,INSPECTION_RAS,8.22,0
150,COMP-080,INSPECTION_RAS,7.99,0
150,COMP-081,MAINT_PREVENTIVE,8.01,400
150,COMP-082,INSPECTION_RAS,8.37,0
150,COMP-083,INSPECTION_RAS,8.1,0
150,COMP-084,INSPECTION_RAS,5.4,0
150,COMP-085,INSPECTION_RAS,8.21,0
150,COMP-086,INSPECTION_RAS,8.04,0
150,COMP-087,INSPECTION_RAS,7.98,0
150,COMP-088,INSPECTION_RAS,8.26,0
150,COMP-089,INSPECTION_RAS,8.06,0
150,COMP-090,INSPECTION_RAS,5.48,0
150,COMP-091,INSPECTION_RAS,7.88,0
150,COMP-092,INSPECTION_RAS,8.34,0
150,COMP-093,INSPECTION_RAS,7.77,0
150,COMP-094,INSPECTION_RAS,3.45,0
150,COMP-095,INSPECTION_RAS,7.8,0
150,COMP-096,INSPECTION_RAS,5.46,0
150,COMP-097,INSPECTION_RAS,8.21,0
150,COMP-098,INSPECTION_RAS,8.03,0
150,COMP-099,MAINT_PREVENTIVE,3.47,400
165,COMP-000,MAINT_PREVENTIVE,10.52,400
165,COMP-001,INSPECTION_RAS,10.15,0
165,COMP-002,INSPECTION_RAS,10.39,0
165,COMP-003,INSPECTION_RAS,10.3,0
165,COMP-004,INSPECTION_RAS,10.22,0
165,COMP-005,INSPECTION_RAS,10.63,0
165,COMP-006,INSPECTION_RAS,10.36,0
165,COMP-007,INSPECTION_RAS,10.82,0
165,COMP-008,INSPECTION_RAS,10.55,0
165,COMP-009,INSPECTION_RAS,3.94,0
165,COMP-010,INSPECTION_RAS,10.15,0
165,COMP-011,INSPECTION_RAS,10.6,0
165,COMP-012,MAINT_PREVENTIVE,10.43,400
165,COMP-013,INSPECTION_RAS,10.43,0
165,COMP-014,INSPECTION_RAS,10.34,0
165,COMP-015,INSPECTION_RAS,10.79,0
165,COMP-016,INSPECTION_RAS,10.04,0
165,COMP-017,INSPECTION_RAS,10.6,0
165,COMP-018,MAINT_PREVENTIVE,10.47,400
165,COMP-019,INSPECTION_RAS,10.52,0
165,COMP-020,INSPECTION_RAS,10.09,0
165,COMP-021,INSPECTION_RAS,10.12,0
165,COMP-022,INSPECTION_RAS,10.11,0
165,COMP-023,INSPECTION_RAS,7.95,0
165,COMP-024,INSPECTION_RAS,10.74,0
165,COMP-025,INSPECTION_RAS,10.62,0
165,COMP-026,INSPECTION_RAS,10.57,0
165,COMP-027,INSPECTION_RAS,9.99,0
165,COMP-028,INSPECTION_RAS,5.91,0
165,COMP-029,INSPECTION_RAS,10.6,0
165,COMP-030,INSPECTION_RAS,10.83,0
165,COMP-031,INSPECTION_RAS,10.44,0
165,COMP-032,INSPECTION_RAS,10.41,0
165,COMP-033,MAINT_PREVENTIVE,10.42,400
165,COMP-034,INSPECTION_RAS,10.83,0
165,COMP-035,INSPECTION_RAS,10.28,0
165,COMP-036,INSPECTION_RAS,10.52,0
165,COMP-037,INSPECTION_RAS,10.29,0
165,COMP-038,MAINT_PREVENTIVE,10.62,400
165,COMP-039,INSPECTION_RAS,10.47,0
165,COMP-040,INSPECTION_RAS,10.38,0
165,COMP-041,INSPECTION_RAS,10.38,0
165,COMP-042,INSPECTION_RAS,10.36,0
165,COMP-043,INSPECTION_RAS,3.22,0
165,COMP-044,INSPECTION_RAS,10.66,0
165,COMP-045,INSPECTION_RAS,10.62,0
165,COMP-046,INSPECTION_RAS,10.58,0
165,COMP-047,INSPECTION_RAS,7.79,0
165,COMP-048,INSPECTION_RAS,3.16,0
165,COMP-049,INSPECTION_RAS,10.3,0
165,COMP-050,INSPECTION_RAS,10.4,0
165,COMP-051,INSPECTION_RAS,3.96,0
165,COMP-052,INSPECTION_RAS,10.68,0
165,COMP-053,INSPECTION_RAS,10.46,0
165,COMP-054,INSPECTION_RAS,10.41,0
165,COMP-055,INSPECTION_RAS,10.36,0
165,COMP-056,INSPECTION_RAS,10.54,0
165,COMP-057,INSPECTION_RAS,10.15,0
165,COMP-058,INSPECTION_RAS,10.29,0
165,COMP-059,INSPECTION_RAS,10.71,0
165,COMP-060,INSPECTION_RAS,10.44,0
165,COMP-061,INSPECTION_RAS,10.57,0
165,COMP-062,INSPECTION_RAS,7.76,0
165,COMP-063,INSPECTION_RAS,10.36,0
165,COMP-064,INSPECTION_RAS,10.42,0
165,COMP-065,INSPECTION_RAS,5.97,0
165,COMP-066,INSPECTION_RAS,10.09,0
165,COMP-067,INSPECTION_RAS,10.58,0
165,COMP-068,INSPECTION_RAS,10.69,0
165,COMP-069,INSPECTION_RAS,10.61,0
165,COMP-070,INSPECTION_RAS,10.33,0
165,COMP-071,INSPECTION_RAS,10.17,0
165,COMP-072,INSPECTION_RAS,10.61,0
165,COMP-073,INSPECTION_RAS,10.17,0
165,COMP-074,INSPECTION_RAS,7.69,0
165,COMP-075,INSPECTION_RAS,10.96,0
165,COMP-076,INSPECTION_RAS,10.6,0
165,COMP-077,INSPECTION_RAS,10.35,0
165,COMP-078,INSPECTION_RAS,10.47,0
165,COMP-079,INSPECTION_RAS,10.58,0
165,COMP-080,INSPECTION_RAS,10.39,0
165,COMP-081,INSPECTION_RAS,4.06,0
165,COMP-082,INSPECTION_RAS,10.85,0
165,COMP-083,INSPECTION_RAS,10.3,0
165,COMP-084,MAINT_PREVENTIVE,7.73,400
165,COMP-085,INSPECTION_RAS,10.63,0
165,COMP-086,INSPECTION_RAS,10.55,0
165,COMP-087,INSPECTION_RAS,10.38,0
165,COMP-088,INSPECTION_RAS,10.78,0
165,COMP-089,INSPECTION_RAS,10.39,0
165,COMP-090,INSPECTION_RAS,7.97,0
165,COMP-091,INSPECTION_RAS,10.08,0
165,COMP-092,INSPECTION_RAS,10.78,0
165,COMP-093,INSPECTION_RAS,10.2,0
165,COMP-094,INSPECTION_RAS,5.8,0
165,COMP-095,INSPECTION_RAS,10.14,0
165,COMP-096,INSPECTION_RAS,7.82,0
165,COMP-097,INSPECTION_RAS,10.68,0
165,COMP-098,INSPECTION_RAS,10.46,0
165,COMP-099,INSPECTION_RAS,3.23,0
180,COMP-000,INSPECTION_RAS,4.36,0
180,COMP-001,MAINT_PREVENTIVE,12.54,400
180,COMP-002,MAINT_PREVENTIVE,12.86,400
180,COMP-003,MAINT_PREVENTIVE,12.74,400
180,COMP-004,MAINT_PREVENTIVE,12.66,400
180,COMP-005,MAINT_PREVENTIVE,13.19,400
180,COMP-006,INSPECTION_RAS,12.75,0
180,COMP-007,MAINT_PREVENTIVE,13.29,400
180,COMP-008,MAINT_PREVENTIVE,13.1,400
180,COMP-009,INSPECTION_RAS,6.25,0
180,COMP-010,INSPECTION_RAS,12.39,0
180,COMP-011,MAINT_PREVENTIVE,13.04,400
180,COMP-012,INSPECTION_RAS,4.5,0
180,COMP-013,MAINT_PREVENTIVE,12.6,400
180,COMP-014,INSPECTION_RAS,13.05,0
180,COMP-015,MAINT_PREVENTIVE,13.18,400
180,COMP-016,MAINT_PREVENTIVE,12.43,400
180,COMP-017,MAINT_PREVENTIVE,12.8,400
180,COMP-018,INSPECTION_RAS,4.72,0
180,COMP-019,MAINT_PREVENTIVE,12.84,400
180,COMP-020,MAINT_PREVENTIVE,12.72,400
180,COMP-021,MAINT_PREVENTIVE,12.52,400
180,COMP-022,MAINT_PREVENTIVE,12.58,400
180,COMP-023,INSPECTION_RAS,10.29,0
180,COMP-024,MAINT_PREVENTIVE,12.97,400
180,COMP-025,MAINT_PREVENTIVE,13.08,400
180,COMP-026,MAINT_PREVENTIVE,12.87,400
180,COMP-027,MAINT_PREVENTIVE,12.37,400
180,COMP-028,INSPECTION_RAS,8.23,0
180,COMP-029,INSPECTION_RAS,13.04,0
180,COMP-030,MAINT_PREVENTIVE,13.11,400
180,COMP-031,MAINT_PREVENTIVE,12.98,400
180,COMP-032,MAINT_PREVENTIVE,12.79,400
180,COMP-033,INSPECTION_RAS,4.49,0
180,COMP-034,MAINT_PREVENTIVE,13.14,400
180,COMP-035,MAINT_PREVENTIVE,12.56,400
180,COMP-036,MAINT_PREVENTIVE,13.13,400
180,COMP-037,MAINT_PREVENTIVE,12.6,400
180,COMP-038,INSPECTION_RAS,4.49,0
180,COMP-039,MAINT_PREVENTIVE,12.81,400
180,COMP-040,MAINT_PREVENTIVE,12.72,400
180,COMP-041,MAINT_PREVENTIVE,12.8,400
180,COMP-042,MAINT_PREVENTIVE,12.82,400
180,COMP-043,INSPECTION_RAS,5.68,0
180,COMP-044,MAINT_PREVENTIVE,13.09,400
180,COMP-045,MAINT_PREVENTIVE,13.01,400
180,COMP-046,MAINT_PREVENTIVE,12.98,400
180,COMP-047,INSPECTION_RAS,10.29,0
180,COMP-048,INSPECTION_RAS,5.71,0
180,COMP-049,MAINT_PREVENTIVE,12.54,400
180,COMP-050,INSPECTION_RAS,12.7,0
180,COMP-051,INSPECTION_RAS,6.33,0
180,COMP-052,MAINT_PREVENTIVE,13.09,400
180,COMP-053,MAINT_PREVENTIVE,12.75,400
180,COMP-054,MAINT_PREVENTIVE,12.77,400
180,COMP-055,MAINT_PREVENTIVE,12.71,400
180,COMP-056,MAINT_PREVENTIVE,12.94,400
180,COMP-057,MAINT_PREVENTIVE,12.46,400
180,COMP-058,MAINT_PREVENTIVE,12.64,400
180,COMP-059,MAINT_PREVENTIVE,13.1,400
180,COMP-060,INSPECTION_RAS,12.79,0
180,COMP-061,INSPECTION_RAS,12.97,0
180,COMP-062,INSPECTION_RAS,10.29,0
180,COMP-063,MAINT_PREVENTIVE,12.86,400
180,COMP-064,MAINT_PREVENTIVE,12.76,400
180,COMP-065,INSPECTION_RAS,8.44,0
180,COMP-066,MAINT_PREVENTIVE,12.37,400
180,COMP-067,MAINT_PREVENTIVE,12.82,400
180,COMP-068,MAINT_PREVENTIVE,12.92,400
180,COMP-069,MAINT_PREVENTIVE,13.02,400
180,COMP-070,MAINT_PREVENTIVE,12.73,400
180,COMP-071,MAINT_PREVENTIVE,12.54,400
180,COMP-072,MAINT_PREVENTIVE,12.97,400
180,COMP-073,MAINT_PREVENTIVE,12.63,400
180,COMP-074,INSPECTION_RAS,10.03,0
180,COMP-075,MAINT_PREVENTIVE,13.35,400
180,COMP-076,MAINT_PREVENTIVE,12.86,400
180,COMP-077,MAINT_PREVENTIVE,12.85,400
180,COMP-078,MAINT_PREVENTIVE,12.95,400
180,COMP-079,MAINT_PREVENTIVE,13.03,400
180,COMP-080,MAINT_PREVENTIVE,12.74,400
180,COMP-081,INSPECTION_RAS,6.63,0
180,COMP-082,MAINT_PREVENTIVE,13.01,400
180,COMP-083,MAINT_PREVENTIVE,12.68,400
180,COMP-084,INSPECTION_RAS,4.06,0
180,COMP-085,MAINT_PREVENTIVE,13.04,400
180,COMP-086,INSPECTION_RAS,12.99,0
180,COMP-087,MAINT_PREVENTIVE,12.82,400
180,COMP-088,INSPECTION_RAS,13.28,0
180,COMP-089,MAINT_PREVENTIVE,12.69,400
180,COMP-090,INSPECTION_RAS,10.13,0
180,COMP-091,MAINT_PREVENTIVE,12.35,400
180,COMP-092,MAINT_PREVENTIVE,13.06,400
180,COMP-093,INSPECTION_RAS,12.62,0
180,COMP-094,INSPECTION_RAS,7.93,0
180,COMP-095,INSPECTION_RAS,12.44,0
180,COMP-096,INSPECTION_RAS,10.35,0
180,COMP-097,MAINT_PREVENTIVE,13.05,400
180,COMP-098,MAINT_PREVENTIVE,13.14,400
180,COMP-099,INSPECTION_RAS,5.59,0
195,COMP-000,INSPECTION_RAS,6.85,0
195,COMP-001,INSPECTION_RAS,4.83,0
195,COMP-002,INSPECTION_RAS,4.86,0
195,COMP-003,INSPECTION_RAS,4.98,0
195,COMP-004,INSPECTION_RAS,4.89,0
195,COMP-005,INSPECTION_RAS,5.05,0
195,COMP-006,MAINT_PREVENTIVE,15.19,400
195,COMP-007,INSPECTION_RAS,5.09,0
195,COMP-008,INSPECTION_RAS,5.06,0
195,COMP-009,INSPECTION_RAS,8.64,0
195,COMP-010,MAINT_PREVENTIVE,14.88,400
195,COMP-011,INSPECTION_RAS,5.1,0
195,COMP-012,INSPECTION_RAS,6.79,0
195,COMP-013,INSPECTION_RAS,5.02,0
195,COMP-014,MAINT_PREVENTIVE,15.39,400
195,COMP-015,INSPECTION_RAS,5.23,0
195,COMP-016,INSPECTION_RAS,4.95,0
195,COMP-017,INSPECTION_RAS,4.95,0
195,COMP-018,INSPECTION_RAS,7.2,0
195,COMP-019,INSPECTION_RAS,4.92,0
195,COMP-020,INSPECTION_RAS,4.91,0
195,COMP-021,INSPECTION_RAS,5.04,0
195,COMP-022,INSPECTION_RAS,4.92,0
195,COMP-023,MAINT_PREVENTIVE,12.7,400
195,COMP-024,INSPECTION_RAS,4.85,0
195,COMP-025,INSPECTION_RAS,4.9,0
195,COMP-026,INSPECTION_RAS,4.91,0
195,COMP-027,INSPECTION_RAS,4.93,0
195,COMP-028,INSPECTION_RAS,10.66,0
195,COMP-029,MAINT_PREVENTIVE,15.3,400
195,COMP-030,INSPECTION_RAS,5.06,0
195,COMP-031,INSPECTION_RAS,4.95,0
195,COMP-032,INSPECTION_RAS,5.01,0
195,COMP-033,INSPECTION_RAS,6.88,0
195,COMP-034,INSPECTION_RAS,4.89,0
195,COMP-035,INSPECTION_RAS,4.98,0
195,COMP-036,INSPECTION_RAS,5.01,0
195,COMP-037,INSPECTION_RAS,4.92,0
195,COMP-038,INSPECTION_RAS,6.91,0
195,COMP-039,MAINT_PREVENTIVE,4.84,400
195,COMP-040,INSPECTION_RAS,5.02,0
195,COMP-041,INSPECTION_RAS,4.98,0
195,COMP-042,INSPECTION_RAS,4.94,0
195,COMP-043,MAINT_PREVENTIVE,8.05,400
195,COMP-044,INSPECTION_RAS,5.02,0
195,COMP-045,INSPECTION_RAS,4.9,0
195,COMP-046,MAINT_PREVENTIVE,5.01,400
195,COMP-047,MAINT_PREVENTIVE,12.62,400
195,COMP-048,INSPECTION_RAS,8.12,0
195,COMP-049,INSPECTION_RAS,4.94,0
195,COMP-050,MAINT_PREVENTIVE,15.12,400
195,COMP-051,INSPECTION_RAS,8.82,0
195,COMP-052,INSPECTION_RAS,5.08,0
195,COMP-053,INSPECTION_RAS,4.96,0
195,COMP-054,INSPECTION_RAS,4.89,0
195,COMP-055,INSPECTION_RAS,4.79,0
195,COMP-056,INSPECTION_RAS,4.98,0
195,COMP-057,INSPECTION_RAS,5.02,0
195,COMP-058,INSPECTION_RAS,4.98,0
195,COMP-059,INSPECTION_RAS,4.92,0
195,COMP-060,MAINT_PREVENTIVE,15.19,400
195,COMP-061,MAINT_PREVENTIVE,15.04,400
195,COMP-062,MAINT_PREVENTIVE,12.8,400
195,COMP-063,INSPECTION_RAS,4.93,0
195,COMP-064,INSPECTION_RAS,5.02,0
195,COMP-065,INSPECTION_RAS,10.69,0
195,COMP-066,INSPECTION_RAS,4.92,0
195,COMP-067,INSPECTION_RAS,5.01,0
195,COMP-068,INSPECTION_RAS,4.98,0
195,COMP-069,INSPECTION_RAS,4.9,0
195,COMP-070,INSPECTION_RAS,4.94,0
195,COMP-071,MAINT_PREVENTIVE,4.97,400
195,COMP-072,INSPECTION_RAS,4.88,0
195,COMP-073,INSPECTION_RAS,4.75,0
195,COMP-074,MAINT_PREVENTIVE,12.33,400
195,COMP-075,MAINT_PREVENTIVE,5.12,400
195,COMP-076,INSPECTION_RAS,5.0,0
195,COMP-077,INSPECTION_RAS,5.07,0
195,COMP-078,INSPECTION_RAS,5.03,0
195,COMP-079,INSPECTION_RAS,5.07,0
195,COMP-080,INSPECTION_RAS,5.09,0
195,COMP-081,INSPECTION_RAS,9.07,0
195,COMP-082,INSPECTION_RAS,5.06,0
195,COMP-083,INSPECTION_RAS,4.8,0
195,COMP-084,INSPECTION_RAS,6.38,0
195,COMP-085,INSPECTION_RAS,5.13,0
195,COMP-086,MAINT_PREVENTIVE,15.47,400
195,COMP-087,MAINT_PREVENTIVE,4.98,400
195,COMP-088,MAINT_PREVENTIVE,15.68,400
195,COMP-089,INSPECTION_RAS,5.06,0
195,COMP-090,MAINT_PREVENTIVE,12.32,400
195,COMP-091,INSPECTION_RAS,5.1,0
195,COMP-092,INSPECTION_RAS,4.99,0
195,COMP-093,MAINT_PREVENTIVE,15.04,400
195,COMP-094,INSPECTION_RAS,10.26,0
195,COMP-095,MAINT_PREVENTIVE,14.67,400
195,COMP-096,MAINT_PREVENTIVE,12.77,400
195,COMP-097,INSPECTION_RAS,4.81,0
195,COMP-098,INSPECTION_RAS,4.86,0
195,COMP-099,INSPECTION_RAS,8.01,0
200,COMP-000,MAINT_SYSTEMATIQUE,7.73,1200
200,COMP-001,MAINT_SYSTEMATIQUE,5.7,1200
200,COMP-002,MAINT_SYSTEMATIQUE,5.71,1200
200,COMP-003,MAINT_SYSTEMATIQUE,5.77,1200
200,COMP-004,MAINT_SYSTEMATIQUE,5.73,1200
200,COMP-005,MAINT_SYSTEMATIQUE,5.88,1200
200,COMP-006,MAINT_SYSTEMATIQUE,3.91,1200
200,COMP-007,MAINT_SYSTEMATIQUE,5.98,1200
200,COMP-008,MAINT_SYSTEMATIQUE,5.83,1200
200,COMP-009,MAINT_SYSTEMATIQUE,9.41,1200
200,COMP-010,MAINT_SYSTEMATIQUE,3.84,1200
200,COMP-011,MAINT_SYSTEMATIQUE,5.92,1200
200,COMP-012,MAINT_SYSTEMATIQUE,7.64,1200
200,COMP-013,MAINT_SYSTEMATIQUE,5.79,1200
200,COMP-014,MAINT_SYSTEMATIQUE,3.75,1200
200,COMP-015,MAINT_SYSTEMATIQUE,6.08,1200
200,COMP-016,MAINT_SYSTEMATIQUE,5.78,1200
200,COMP-017,MAINT_SYSTEMATIQUE,5.71,1200
200,COMP-018,MAINT_SYSTEMATIQUE,8.0,1200
200,COMP-019,MAINT_SYSTEMATIQUE,5.8,1200
200,COMP-020,MAINT_SYSTEMATIQUE,5.73,1200
200,COMP-021,MAINT_SYSTEMATIQUE,5.9,1200
200,COMP-022,MAINT_SYSTEMATIQUE,5.7,1200
200,COMP-023,MAINT_SYSTEMATIQUE,3.36,1200
200,COMP-024,MAINT_SYSTEMATIQUE,5.64,1200
200,COMP-025,MAINT_SYSTEMATIQUE,5.73,1200
200,COMP-026,MAINT_SYSTEMATIQUE,5.73,1200
200,COMP-027,MAINT_SYSTEMATIQUE,5.84,1200
200,COMP-028,MAINT_SYSTEMATIQUE,11.4,1200
200,COMP-029,MAINT_SYSTEMATIQUE,3.82,1200
200,COMP-030,MAINT_SYSTEMATIQUE,5.84,1200
200,COMP-031,MAINT_SYSTEMATIQUE,5.75,1200
200,COMP-032,MAINT_SYSTEMATIQUE,5.72,1200
200,COMP-033,MAINT_SYSTEMATIQUE,7.66,1200
200,COMP-034,MAINT_SYSTEMATIQUE,5.75,1200
200,COMP-035,MAINT_SYSTEMATIQUE,5.71,1200
200,COMP-036,MAINT_SYSTEMATIQUE,5.8,1200
200,COMP-037,MAINT_SYSTEMATIQUE,5.66,1200
200,COMP-038,MAINT_SYSTEMATIQUE,7.8,1200
200,COMP-039,MAINT_SYSTEMATIQUE,1.73,1200
200,COMP-040,MAINT_SYSTEMATIQUE,5.83,1200
200,COMP-041,MAINT_SYSTEMATIQUE,5.94,1200
200,COMP-042,MAINT_SYSTEMATIQUE,5.66,1200
200,COMP-043,MAINT_SYSTEMATIQUE,2.34,1200
200,COMP-044,MAINT_SYSTEMATIQUE,5.91,1200
200,COMP-045,MAINT_SYSTEMATIQUE,5.69,1200
200,COMP-046,MAINT_SYSTEMATIQUE,1.83,1200
200,COMP-047,MAINT_SYSTEMATIQUE,3.38,1200
200,COMP-048,MAINT_SYSTEMATIQUE,8.85,1200
200,COMP-049,MAINT_SYSTEMATIQUE,5.64,1200
200,COMP-050,MAINT_SYSTEMATIQUE,3.78,1200
200,COMP-051,MAINT_SYSTEMATIQUE,9.65,1200
200,COMP-052,MAINT_SYSTEMATIQUE,5.84,1200
200,COMP-053,MAINT_SYSTEMATIQUE,5.81,1200
200,COMP-054,MAINT_SYSTEMATIQUE,5.74,1200
200,COMP-055,MAINT_SYSTEMATIQUE,5.68,1200
200,COMP-056,MAINT_SYSTEMATIQUE,5.76,1200
200,COMP-057,MAINT_SYSTEMATIQUE,5.83,1200
200,COMP-058,MAINT_SYSTEMATIQUE,5.67,1200
200,COMP-059,MAINT_SYSTEMATIQUE,5.8,1200
200,COMP-060,MAINT_SYSTEMATIQUE,3.82,1200
200,COMP-061,MAINT_SYSTEMATIQUE,3.76,1200
200,COMP-062,MAINT_SYSTEMATIQUE,3.36,1200
200,COMP-063,MAINT_SYSTEMATIQUE,5.83,1200
200,COMP-064,MAINT_SYSTEMATIQUE,5.95,1200
200,COMP-065,MAINT_SYSTEMATIQUE,11.55,1200
200,COMP-066,MAINT_SYSTEMATIQUE,5.8,1200
200,COMP-067,MAINT_SYSTEMATIQUE,5.77,1200
200,COMP-068,MAINT_SYSTEMATIQUE,5.75,1200
200,COMP-069,MAINT_SYSTEMATIQUE,5.65,1200
200,COMP-070,MAINT_SYSTEMATIQUE,5.73,1200
200,COMP-071,MAINT_SYSTEMATIQUE,1.85,1200
200,COMP-072,MAINT_SYSTEMATIQUE,5.82,1200
200,COMP-073,MAINT_SYSTEMATIQUE,5.5,1200
200,COMP-074,MAINT_SYSTEMATIQUE,3.27,1200
200,COMP-075,MAINT_SYSTEMATIQUE,1.73,1200
200,COMP-076,MAINT_SYSTEMATIQUE,5.79,1200
200,COMP-077,MAINT_SYSTEMATIQUE,5.86,1200
200,COMP-078,MAINT_SYSTEMATIQUE,5.85,1200
200,COMP-079,MAINT_SYSTEMATIQUE,5.83,1200
200,COMP-080,MAINT_SYSTEMATIQUE,5.96,1200
200,COMP-081,MAINT_SYSTEMATIQUE,9.81,1200
200,COMP-082,MAINT_SYSTEMATIQUE,5.85,1200
200,COMP-083,MAINT_SYSTEMATIQUE,5.5,1200
200,COMP-084,MAINT_SYSTEMATIQUE,7.17,1200
200,COMP-085,MAINT_SYSTEMATIQUE,5.89,1200
200,COMP-086,MAINT_SYSTEMATIQUE,3.88,1200
200,COMP-087,MAINT_SYSTEMATIQUE,1.67,1200
200,COMP-088,MAINT_SYSTEMATIQUE,3.84,1200
200,COMP-089,MAINT_SYSTEMATIQUE,5.82,1200
200,COMP-090,MAINT_SYSTEMATIQUE,3.28,1200
200,COMP-091,MAINT_SYSTEMATIQUE,5.97,1200
200,COMP-092,MAINT_SYSTEMATIQUE,5.81,1200
200,COMP-093,MAINT_SYSTEMATIQUE,3.87,1200
200,COMP-094,MAINT_SYSTEMATIQUE,11.11,1200
200,COMP-095,MAINT_SYSTEMATIQUE,3.64,1200
200,COMP-096,MAINT_SYSTEMATIQUE,3.34,1200
200,COMP-097,MAINT_SYSTEMATIQUE,5.52,1200
200,COMP-098,MAINT_SYSTEMATIQUE,5.71,1200
200,COMP-099,MAINT_SYSTEMATIQUE,8.9,1200
210,COMP-000,INSPECTION_RAS,1.51,0
210,COMP-001,INSPECTION_RAS,1.61,0
210,COMP-002,INSPECTION_RAS,1.54,0
210,COMP-003,INSPECTION_RAS,1.68,0
210,COMP-004,INSPECTION_RAS,1.56,0
210,COMP-005,INSPECTION_RAS,1.69,0
210,COMP-006,INSPECTION_RAS,1.63,0
210,COMP-007,INSPECTION_RAS,1.57,0
210,COMP-008,INSPECTION_RAS,1.66,0
210,COMP-009,INSPECTION_RAS,1.68,0
210,COMP-010,INSPECTION_RAS,1.53,0
210,COMP-011,INSPECTION_RAS,1.52,0
210,COMP-012,INSPECTION_RAS,1.46,0
210,COMP-013,INSPECTION_RAS,1.66,0
210,COMP-014,INSPECTION_RAS,1.59,0
210,COMP-015,INSPECTION_RAS,1.53,0
210,COMP-016,INSPECTION_RAS,1.54,0
210,COMP-017,INSPECTION_RAS,1.61,0
210,COMP-018,INSPECTION_RAS,1.6,0
210,COMP-019,INSPECTION_RAS,1.62,0
210,COMP-020,INSPECTION_RAS,1.44,0
210,COMP-021,INSPECTION_RAS,1.63,0
210,COMP-022,INSPECTION_RAS,1.64,0
210,COMP-023,INSPECTION_RAS,1.78,0
210,COMP-024,INSPECTION_RAS,1.53,0
210,COMP-025,INSPECTION_RAS,1.66,0
210,COMP-026,INSPECTION_RAS,1.52,0
210,COMP-027,INSPECTION_RAS,1.63,0
210,COMP-028,INSPECTION_RAS,1.56,0
210,COMP-029,INSPECTION_RAS,1.75,0
210,COMP-030,INSPECTION_RAS,1.64,0
210,COMP-031,INSPECTION_RAS,1.5,0
210,COMP-032,INSPECTION_RAS,1.59,0
210,COMP-033,INSPECTION_RAS,1.38,0
210,COMP-034,INSPECTION_RAS,1.6,0
210,COMP-035,INSPECTION_RAS,1.65,0
210,COMP-036,INSPECTION_RAS,1.67,0
210,COMP-037,MAINT_PREVENTIVE,1.49,400
210,COMP-038,INSPECTION_RAS,1.5,0
210,COMP-039,INSPECTION_RAS,1.58,0
210,COMP-040,INSPECTION_RAS,1.59,0
210,COMP-041,INSPECTION_RAS,1.54,0
210,COMP-042,INSPECTION_RAS,1.47,0
210,COMP-043,INSPECTION_RAS,1.71,0
210,COMP-044,INSPECTION_RAS,1.6,0
210,COMP-045,INSPECTION_RAS,1.62,0
210,COMP-046,INSPECTION_RAS,1.56,0
210,COMP-047,INSPECTION_RAS,1.65,0
210,COMP-048,INSPECTION_RAS,1.69,0
210,COMP-049,INSPECTION_RAS,1.6,0
210,COMP-050,INSPECTION_RAS,1.69,0
210,COMP-051,INSPECTION_RAS,1.56,0
210,COMP-052,INSPECTION_RAS,1.52,0
210,COMP-053,INSPECTION_RAS,1.58,0
210,COMP-054,INSPECTION_RAS,1.41,0
210,COMP-055,INSPECTION_RAS,1.53,0
210,COMP-056,INSPECTION_RAS,1.64,0
210,COMP-057,INSPECTION_RAS,1.69,0
210,COMP-058,INSPECTION_RAS,1.69,0
210,COMP-059,INSPECTION_RAS,1.49,0
210,COMP-060,INSPECTION_RAS,1.7,0
210,COMP-061,INSPECTION_RAS,1.76,0
210,COMP-062,INSPECTION_RAS,1.69,0
210,COMP-063,INSPECTION_RAS,1.68,0
210,COMP-064,INSPECTION_RAS,1.74,0
210,COMP-065,INSPECTION_RAS,1.66,0
210,COMP-066,INSPECTION_RAS,1.59,0
210,COMP-067,INSPECTION_RAS,1.39,0
210,COMP-068,INSPECTION_RAS,1.5,0
210,COMP-069,INSPECTION_RAS,1.72,0
210,COMP-070,INSPECTION_RAS,1.76,0
210,COMP-071,MAINT_PREVENTIVE,1.62,400
210,COMP-072,INSPECTION_RAS,1.64,0
210,COMP-073,INSPECTION_RAS,1.58,0
210,COMP-074,INSPECTION_RAS,1.66,0
210,COMP-075,INSPECTION_RAS,1.77,0
210,COMP-076,INSPECTION_RAS,1.66,0
210,COMP-077,INSPECTION_RAS,1.76,0
210,COMP-078,INSPECTION_RAS,1.7,0
210,COMP-079,INSPECTION_RAS,1.51,0
210,COMP-080,MAINT_PREVENTIVE,1.67,400
210,COMP-081,INSPECTION_RAS,1.52,0
210,COMP-082,INSPECTION_RAS,1.62,0
210,COMP-083,INSPECTION_RAS,1.67,0
210,COMP-084,MAINT_PREVENTIVE,1.51,400
210,COMP-085,INSPECTION_RAS,1.61,0
210,COMP-086,INSPECTION_RAS,1.63,0
210,COMP-087,INSPECTION_RAS,1.49,0
210,COMP-088,INSPECTION_RAS,1.58,0
210,COMP-089,INSPECTION_RAS,1.76,0
210,COMP-090,MAINT_PREVENTIVE,1.72,400
210,COMP-091,INSPECTION_RAS,1.68,0
210,COMP-092,INSPECTION_RAS,1.51,0
210,COMP-093,INSPECTION_RAS,1.64,0
210,COMP-094,INSPECTION_RAS,1.43,0
210,COMP-095,INSPECTION_RAS,1.52,0
210,COMP-096,INSPECTION_RAS,1.45,0
210,COMP-097,INSPECTION_RAS,1.65,0
210,COMP-098,INSPECTION_RAS,1.66,0
210,COMP-099,INSPECTION_RAS,1.68,0
225,COMP-000,INSPECTION_RAS,4.11,0
225,COMP-001,INSPECTION_RAS,4.05,0
225,COMP-002,INSPECTION_RAS,3.92,0
225,COMP-003,INSPECTION_RAS,3.91,0
225,COMP-004,INSPECTION_RAS,4.0,0
225,COMP-005,INSPECTION_RAS,3.84,0
225,COMP-006,INSPECTION_RAS,4.16,0
225,COMP-007,INSPECTION_RAS,3.86,0
225,COMP-008,INSPECTION_RAS,3.8,0
225,COMP-009,INSPECTION_RAS,4.0,0
225,COMP-010,MAINT_PREVENTIVE,3.78,400
225,COMP-011,INSPECTION_RAS,3.92,0
225,COMP-012,INSPECTION_RAS,3.86,0
225,COMP-013,INSPECTION_RAS,4.09,0
225,COMP-014,INSPECTION_RAS,4.04,0
225,COMP-015,INSPECTION_RAS,4.02,0
225,COMP-016,INSPECTION_RAS,3.82,0
225,COMP-017,INSPECTION_RAS,4.21,0
225,COMP-018,INSPECTION_RAS,4.13,0
225,COMP-019,INSPECTION_RAS,4.12,0
225,COMP-020,INSPECTION_RAS,3.73,0
225,COMP-021,INSPECTION_RAS,3.78,0
225,COMP-022,INSPECTION_RAS,4.04,0
225,COMP-023,MAINT_PREVENTIVE,4.39,400
225,COMP-024,INSPECTION_RAS,3.88,0
225,COMP-025,INSPECTION_RAS,3.93,0
225,COMP-026,INSPECTION_RAS,3.81,0
225,COMP-027,INSPECTION_RAS,4.17,0
225,COMP-028,MAINT_PREVENTIVE,4.16,400
225,COMP-029,INSPECTION_RAS,4.1,0
225,COMP-030,INSPECTION_RAS,3.83,0
225,COMP-031,INSPECTION_RAS,3.86,0
225,COMP-032,INSPECTION_RAS,4.07,0
225,COMP-033,INSPECTION_RAS,3.69,0
225,COMP-034,INSPECTION_RAS,3.94,0
225,COMP-035,INSPECTION_RAS,4.01,0
225,COMP-036,INSPECTION_RAS,4.14,0
225,COMP-037,INSPECTION_RAS,2.72,0
225,COMP-038,INSPECTION_RAS,3.91,0
225,COMP-039,INSPECTION_RAS,4.01,0
225,COMP-040,INSPECTION_RAS,3.89,0
225,COMP-041,INSPECTION_RAS,3.84,0
225,COMP-042,INSPECTION_RAS,3.89,0
225,COMP-043,INSPECTION_RAS,4.22,0
225,COMP-044,INSPECTION_RAS,3.98,0
225,COMP-045,MAINT_PREVENTIVE,4.02,400
225,COMP-046,INSPECTION_RAS,3.85,0
225,COMP-047,INSPECTION_RAS,4.08,0
225,COMP-048,MAINT_PREVENTIVE,4.13,400
225,COMP-049,INSPECTION_RAS,4.13,0
225,COMP-050,INSPECTION_RAS,3.98,0
225,COMP-051,INSPECTION_RAS,4.04,0
225,COMP-052,INSPECTION_RAS,3.83,0
225,COMP-053,INSPECTION_RAS,4.0,0
225,COMP-054,INSPECTION_RAS,3.9,0
225,COMP-055,INSPECTION_RAS,3.92,0
225,COMP-056,INSPECTION_RAS,4.03,0
225,COMP-057,INSPECTION_RAS,4.01,0
225,COMP-058,INSPECTION_RAS,4.18,0
225,COMP-059,MAINT_PREVENTIVE,3.8,400
225,COMP-060,INSPECTION_RAS,4.11,0
225,COMP-061,INSPECTION_RAS,4.12,0
225,COMP-062,INSPECTION_RAS,4.09,0
225,COMP-063,INSPECTION_RAS,4.09,0
225,COMP-064,INSPECTION_RAS,4.2,0
225,COMP-065,INSPECTION_RAS,4.03,0
225,COMP-066,INSPECTION_RAS,3.83,0
225,COMP-067,INSPECTION_RAS,3.75,0
225,COMP-068,INSPECTION_RAS,3.9,0
225,COMP-069,INSPECTION_RAS,4.2,0
225,COMP-070,INSPECTION_RAS,4.35,0
225,COMP-071,INSPECTION_RAS,2.71,0
225,COMP-072,INSPECTION_RAS,4.09,0
225,COMP-073,INSPECTION_RAS,4.06,0
225,COMP-074,INSPECTION_RAS,4.13,0
225,COMP-075,INSPECTION_RAS,4.19,0
225,COMP-076,INSPECTION_RAS,3.91,0
225,COMP-077,INSPECTION_RAS,3.99,0
225,COMP-078,INSPECTION_RAS,4.16,0
225,COMP-079,INSPECTION_RAS,4.12,0
225,COMP-080,INSPECTION_RAS,2.61,0
225,COMP-081,INSPECTION_RAS,4.05,0
225,COMP-082,INSPECTION_RAS,4.03,0
225,COMP-083,INSPECTION_RAS,4.0,0
225,COMP-084,INSPECTION_RAS,2.64,0
225,COMP-085,MAINT_PREVENTIVE,4.09,400
225,COMP-086,INSPECTION_RAS,4.13,0
225,COMP-087,INSPECTION_RAS,3.95,0
225,COMP-088,INSPECTION_RAS,3.88,0
225,COMP-089,INSPECTION_RAS,4.42,0
225,COMP-090,INSPECTION_RAS,2.73,0
225,COMP-091,INSPECTION_RAS,4.11,0
225,COMP-092,INSPECTION_RAS,3.9,0
225,COMP-093,INSPECTION_RAS,4.08,0
225,COMP-094,INSPECTION_RAS,3.77,0
225,COMP-095,INSPECTION_RAS,3.98,0
225,COMP-096,INSPECTION_RAS,3.79,0
225,COMP-097,INSPECTION_RAS,4.07,0
225,COMP-098,INSPECTION_RAS,4.14,0
225,COMP-099,INSPECTION_RAS,4.02,0
240,COMP-000,INSPECTION_RAS,6.34,0
240,COMP-001,INSPECTION_RAS,6.38,0
240,COMP-002,INSPECTION_RAS,6.19,0
240,COMP-003,INSPECTION_RAS,6.21,0
240,COMP-004,INSPECTION_RAS,6.32,0
240,COMP-005,INSPECTION_RAS,6.37,0
240,COMP-006,INSPECTION_RAS,6.57,0
240,COMP-007,INSPECTION_RAS,6.25,0
240,COMP-008,INSPECTION_RAS,6.09,0
240,COMP-009,INSPECTION_RAS,6.49,0
240,COMP-010,INSPECTION_RAS,3.03,0
240,COMP-011,INSPECTION_RAS,6.29,0
240,COMP-012,INSPECTION_RAS,6.55,0
240,COMP-013,INSPECTION_RAS,6.53,0
240,COMP-014,INSPECTION_RAS,6.15,0
240,COMP-015,INSPECTION_RAS,6.37,0
240,COMP-016,INSPECTION_RAS,6.14,0
240,COMP-017,INSPECTION_RAS,6.58,0
240,COMP-018,INSPECTION_RAS,6.39,0
240,COMP-019,INSPECTION_RAS,6.41,0
240,COMP-020,MAINT_PREVENTIVE,6.1,400
240,COMP-021,INSPECTION_RAS,5.92,0
240,COMP-022,INSPECTION_RAS,6.57,0
240,COMP-023,INSPECTION_RAS,3.41,0
240,COMP-024,INSPECTION_RAS,6.34,0
240,COMP-025,INSPECTION_RAS,6.31,0
240,COMP-026,INSPECTION_RAS,6.23,0
240,COMP-027,INSPECTION_RAS,6.58,0
240,COMP-028,INSPECTION_RAS,3.32,0
240,COMP-029,INSPECTION_RAS,6.49,0
240,COMP-030,INSPECTION_RAS,6.17,0
240,COMP-031,INSPECTION_RAS,6.31,0
240,COMP-032,INSPECTION_RAS,6.56,0
240,COMP-033,INSPECTION_RAS,6.02,0
240,COMP-034,INSPECTION_RAS,6.5,0
240,COMP-035,INSPECTION_RAS,6.35,0
240,COMP-036,INSPECTION_RAS,6.49,0
240,COMP-037,MAINT_PREVENTIVE,5.15,400
240,COMP-038,INSPECTION_RAS,6.46,0
240,COMP-039,INSPECTION_RAS,6.32,0
240,COMP-040,INSPECTION_RAS,5.99,0
240,COMP-041,INSPECTION_RAS,6.15,0
240,COMP-042,INSPECTION_RAS,6.55,0
240,COMP-043,INSPECTION_RAS,6.49,0
240,COMP-044,INSPECTION_RAS,6.3,0
240,COMP-045,INSPECTION_RAS,3.08,0
240,COMP-046,INSPECTION_RAS,6.17,0
240,COMP-047,INSPECTION_RAS,6.69,0
240,COMP-048,INSPECTION_RAS,3.14,0
240,COMP-049,INSPECTION_RAS,6.42,0
240,COMP-050,INSPECTION_RAS,6.18,0
240,COMP-051,INSPECTION_RAS,6.44,0
240,COMP-052,INSPECTION_RAS,6.11,0
240,COMP-053,INSPECTION_RAS,6.46,0
240,COMP-054,INSPECTION_RAS,6.16,0
240,COMP-055,INSPECTION_RAS,6.26,0
240,COMP-056,INSPECTION_RAS,6.4,0
240,COMP-057,INSPECTION_RAS,6.4,0
240,COMP-058,INSPECTION_RAS,6.56,0
240,COMP-059,INSPECTION_RAS,3.28,0
240,COMP-060,INSPECTION_RAS,6.56,0
240,COMP-061,INSPECTION_RAS,6.61,0
240,COMP-062,MAINT_PREVENTIVE,6.48,400
240,COMP-063,INSPECTION_RAS,6.38,0
240,COMP-064,INSPECTION_RAS,6.5,0
240,COMP-065,INSPECTION_RAS,6.45,0
240,COMP-066,MAINT_PREVENTIVE,6.12,400
240,COMP-067,INSPECTION_RAS,6.15,0
240,COMP-068,INSPECTION_RAS,6.02,0
240,COMP-069,INSPECTION_RAS,6.52,0
240,COMP-070,INSPECTION_RAS,6.85,0
240,COMP-071,INSPECTION_RAS,5.14,0
240,COMP-072,INSPECTION_RAS,6.56,0
240,COMP-073,INSPECTION_RAS,6.58,0
240,COMP-074,INSPECTION_RAS,6.56,0
240,COMP-075,INSPECTION_RAS,6.52,0
240,COMP-076,INSPECTION_RAS,6.19,0
240,COMP-077,INSPECTION_RAS,6.25,0
240,COMP-078,INSPECTION_RAS,6.55,0
240,COMP-079,INSPECTION_RAS,6.52,0
240,COMP-080,INSPECTION_RAS,4.99,0
240,COMP-081,INSPECTION_RAS,6.45,0
240,COMP-082,INSPECTION_RAS,6.37,0
240,COMP-083,INSPECTION_RAS,6.35,0
240,COMP-084,INSPECTION_RAS,4.99,0
240,COMP-085,INSPECTION_RAS,3.28,0
240,COMP-086,INSPECTION_RAS,6.49,0
240,COMP-087,MAINT_PREVENTIVE,6.46,400
240,COMP-088,INSPECTION_RAS,6.32,0
240,COMP-089,INSPECTION_RAS,6.7,0
240,COMP-090,INSPECTION_RAS,5.16,0
240,COMP-091,INSPECTION_RAS,6.55,0
240,COMP-092,INSPECTION_RAS,6.21,0
240,COMP-093,INSPECTION_RAS,6.54,0
240,COMP-094,INSPECTION_RAS,6.17,0
240,COMP-095,INSPECTION_RAS,6.55,0
240,COMP-096,INSPECTION_RAS,6.18,0
240,COMP-097,INSPECTION_RAS,6.42,0
240,COMP-098,INSPECTION_RAS,6.52,0
240,COMP-099,INSPECTION_RAS,6.3,0
255,COMP-000,INSPECTION_RAS,8.7,0
255,COMP-001,INSPECTION_RAS,8.72,0
255,COMP-002,INSPECTION_RAS,8.76,0
255,COMP-003,INSPECTION_RAS,8.55,0
255,COMP-004,MAINT_PREVENTIVE,8.82,400
255,COMP-005,INSPECTION_RAS,8.77,0
255,COMP-006,INSPECTION_RAS,9.2,0
255,COMP-007,INSPECTION_RAS,8.65,0
255,COMP-008,INSPECTION_RAS,8.53,0
255,COMP-009,INSPECTION_RAS,8.83,0
255,COMP-010,INSPECTION_RAS,5.58,0
255,COMP-011,INSPECTION_RAS,8.74,0
255,COMP-012,INSPECTION_RAS,8.89,0
255,COMP-013,INSPECTION_RAS,8.85,0
255,COMP-014,MAINT_PREVENTIVE,8.56,400
255,COMP-015,MAINT_PREVENTIVE,8.64,400
255,COMP-016,INSPECTION_RAS,8.49,0
255,COMP-017,INSPECTION_RAS,9.12,0
255,COMP-018,INSPECTION_RAS,8.76,0
255,COMP-019,INSPECTION_RAS,8.65,0
255,COMP-020,INSPECTION_RAS,3.49,0
255,COMP-021,INSPECTION_RAS,8.34,0
255,COMP-022,MAINT_PREVENTIVE,8.78,400
255,COMP-023,INSPECTION_RAS,5.72,0
255,COMP-024,INSPECTION_RAS,8.8,0
255,COMP-025,INSPECTION_RAS,8.76,0
255,COMP-026,INSPECTION_RAS,8.59,0
255,COMP-027,INSPECTION_RAS,9.03,0
255,COMP-028,INSPECTION_RAS,5.81,0
255,COMP-029,INSPECTION_RAS,9.02,0
255,COMP-030,INSPECTION_RAS,8.83,0
255,COMP-031,INSPECTION_RAS,8.73,0
255,COMP-032,INSPECTION_RAS,9.05,0
255,COMP-033,INSPECTION_RAS,8.36,0
255,COMP-034,INSPECTION_RAS,8.97,0
255,COMP-035,INSPECTION_RAS,8.91,0
255,COMP-036,INSPECTION_RAS,8.81,0
255,COMP-037,INSPECTION_RAS,3.61,0
255,COMP-038,INSPECTION_RAS,8.78,0
255,COMP-039,INSPECTION_RAS,8.34,0
255,COMP-040,INSPECTION_RAS,8.46,0
255,COMP-041,INSPECTION_RAS,8.49,0
255,COMP-042,INSPECTION_RAS,8.98,0
255,COMP-043,INSPECTION_RAS,8.78,0
255,COMP-044,INSPECTION_RAS,8.75,0
255,COMP-045,INSPECTION_RAS,5.31,0
255,COMP-046,INSPECTION_RAS,8.44,0
255,COMP-047,INSPECTION_RAS,9.06,0
255,COMP-048,INSPECTION_RAS,5.38,0
255,COMP-049,INSPECTION_RAS,8.47,0
255,COMP-050,INSPECTION_RAS,8.44,0
255,COMP-051,INSPECTION_RAS,8.79,0
255,COMP-052,INSPECTION_RAS,8.47,0
255,COMP-053,MAINT_PREVENTIVE,8.96,400
255,COMP-054,INSPECTION_RAS,8.5,0
255,COMP-055,INSPECTION_RAS,8.65,0
255,COMP-056,INSPECTION_RAS,8.78,0
255,COMP-057,INSPECTION_RAS,8.79,0
255,COMP-058,INSPECTION_RAS,8.87,0
255,COMP-059,INSPECTION_RAS,5.64,0
255,COMP-060,INSPECTION_RAS,9.02,0
255,COMP-061,INSPECTION_RAS,9.14,0
255,COMP-062,INSPECTION_RAS,3.74,0
255,COMP-063,INSPECTION_RAS,8.82,0
255,COMP-064,INSPECTION_RAS,8.99,0
255,COMP-065,INSPECTION_RAS,8.84,0
255,COMP-066,INSPECTION_RAS,3.48,0
255,COMP-067,INSPECTION_RAS,8.48,0
255,COMP-068,INSPECTION_RAS,8.5,0
255,COMP-069,INSPECTION_RAS,8.9,0
255,COMP-070,INSPECTION_RAS,9.22,0
255,COMP-071,INSPECTION_RAS,7.38,0
255,COMP-072,INSPECTION_RAS,8.96,0
255,COMP-073,INSPECTION_RAS,9.15,0
255,COMP-074,INSPECTION_RAS,8.92,0
255,COMP-075,INSPECTION_RAS,8.72,0
255,COMP-076,INSPECTION_RAS,8.75,0
255,COMP-077,INSPECTION_RAS,8.69,0
255,COMP-078,INSPECTION_RAS,9.1,0
255,COMP-079,INSPECTION_RAS,8.75,0
255,COMP-080,INSPECTION_RAS,7.29,0
255,COMP-081,INSPECTION_RAS,8.87,0
255,COMP-082,INSPECTION_RAS,8.73,0
255,COMP-083,INSPECTION_RAS,8.78,0
255,COMP-084,INSPECTION_RAS,7.45,0
255,COMP-085,INSPECTION_RAS,5.66,0
255,COMP-086,INSPECTION_RAS,8.86,0
255,COMP-087,INSPECTION_RAS,3.72,0
255,COMP-088,INSPECTION_RAS,8.64,0
255,COMP-089,INSPECTION_RAS,9.17,0
255,COMP-090,INSPECTION_RAS,7.58,0
255,COMP-091,INSPECTION_RAS,9.03,0
255,COMP-092,INSPECTION_RAS,8.61,0
255,COMP-093,INSPECTION_RAS,8.93,0
255,COMP-094,INSPECTION_RAS,8.42,0
255,COMP-095,INSPECTION_RAS,8.97,0
255,COMP-096,INSPECTION_RAS,8.6,0
255,COMP-097,INSPECTION_RAS,8.69,0
255,COMP-098,INSPECTION_RAS,9.02,0
255,COMP-099,INSPECTION_RAS,8.86,0
270,COMP-000,INSPECTION_RAS,10.94,0
270,COMP-001,INSPECTION_RAS,10.98,0
270,COMP-002,INSPECTION_RAS,11.24,0
270,COMP-003,INSPECTION_RAS,11.07,0
270,COMP-004,INSPECTION_RAS,4.26,0
270,COMP-005,INSPECTION_RAS,11.22,0
270,COMP-006,MAINT_PREVENTIVE,11.52,400
270,COMP-007,INSPECTION_RAS,10.86,0
270,COMP-008,INSPECTION_RAS,10.94,0
270,COMP-009,INSPECTION_RAS,11.28,0
270,COMP-010,INSPECTION_RAS,8.03,0
270,COMP-011,INSPECTION_RAS,10.9,0
270,COMP-012,INSPECTION_RAS,11.2,0
270,COMP-013,MAINT_PREVENTIVE,11.36,400
270,COMP-014,INSPECTION_RAS,4.09,0
270,COMP-015,INSPECTION_RAS,4.35,0
270,COMP-016,INSPECTION_RAS,10.86,0
270,COMP-017,INSPECTION_RAS,11.71,0
270,COMP-018,INSPECTION_RAS,11.01,0
270,COMP-019,INSPECTION_RAS,11.0,0
270,COMP-020,INSPECTION_RAS,5.79,0
270,COMP-021,INSPECTION_RAS,10.6,0
270,COMP-022,INSPECTION_RAS,4.21,0
270,COMP-023,INSPECTION_RAS,8.25,0
270,COMP-024,INSPECTION_RAS,11.32,0
270,COMP-025,INSPECTION_RAS,11.03,0
270,COMP-026,INSPECTION_RAS,11.0,0
270,COMP-027,INSPECTION_RAS,11.43,0
270,COMP-028,MAINT_PREVENTIVE,8.23,400
270,COMP-029,INSPECTION_RAS,11.35,0
270,COMP-030,INSPECTION_RAS,11.39,0
270,COMP-031,INSPECTION_RAS,11.17,0
270,COMP-032,INSPECTION_RAS,11.41,0
270,COMP-033,INSPECTION_RAS,10.62,0
270,COMP-034,INSPECTION_RAS,11.25,0
270,COMP-035,INSPECTION_RAS,11.23,0
270,COMP-036,INSPECTION_RAS,11.25,0
270,COMP-037,INSPECTION_RAS,6.09,0
270,COMP-038,INSPECTION_RAS,11.27,0
270,COMP-039,INSPECTION_RAS,10.75,0
270,COMP-040,INSPECTION_RAS,10.95,0
270,COMP-041,INSPECTION_RAS,10.84,0
270,COMP-042,INSPECTION_RAS,11.38,0
270,COMP-043,INSPECTION_RAS,11.25,0
270,COMP-044,INSPECTION_RAS,11.1,0
270,COMP-045,INSPECTION_RAS,7.84,0
270,COMP-046,INSPECTION_RAS,10.78,0
270,COMP-047,INSPECTION_RAS,11.56,0
270,COMP-048,INSPECTION_RAS,7.74,0
270,COMP-049,INSPECTION_RAS,10.86,0
270,COMP-050,INSPECTION_RAS,10.96,0
270,COMP-051,INSPECTION_RAS,11.35,0
270,COMP-052,INSPECTION_RAS,10.99,0
270,COMP-053,INSPECTION_RAS,4.22,0
270,COMP-054,INSPECTION_RAS,11.07,0
270,COMP-055,MAINT_PREVENTIVE,11.14,400
270,COMP-056,INSPECTION_RAS,11.28,0
270,COMP-057,INSPECTION_RAS,11.27,0
270,COMP-058,INSPECTION_RAS,11.31,0
270,COMP-059,INSPECTION_RAS,8.01,0
270,COMP-060,INSPECTION_RAS,11.27,0
270,COMP-061,INSPECTION_RAS,11.59,0
270,COMP-062,INSPECTION_RAS,6.23,0
270,COMP-063,INSPECTION_RAS,11.23,0
270,COMP-064,INSPECTION_RAS,11.43,0
270,COMP-065,INSPECTION_RAS,11.2,0
270,COMP-066,INSPECTION_RAS,5.87,0
270,COMP-067,INSPECTION_RAS,10.91,0
270,COMP-068,INSPECTION_RAS,10.85,0
270,COMP-069,INSPECTION_RAS,11.4,0
270,COMP-070,INSPECTION_RAS,11.53,0
270,COMP-071,INSPECTION_RAS,9.92,0
270,COMP-072,INSPECTION_RAS,11.53,0
270,COMP-073,INSPECTION_RAS,11.46,0
270,COMP-074,INSPECTION_RAS,11.28,0
270,COMP-075,INSPECTION_RAS,11.24,0
270,COMP-076,INSPECTION_RAS,11.02,0
270,COMP-077,INSPECTION_RAS,11.1,0
270,COMP-078,INSPECTION_RAS,11.63,0
270,COMP-079,INSPECTION_RAS,11.06,0
270,COMP-080,INSPECTION_RAS,9.71,0
270,COMP-081,INSPECTION_RAS,11.22,0
270,COMP-082,INSPECTION_RAS,11.22,0
270,COMP-083,INSPECTION_RAS,11.22,0
270,COMP-084,INSPECTION_RAS,9.86,0
270,COMP-085,INSPECTION_RAS,8.04,0
270,COMP-086,INSPECTION_RAS,11.41,0
270,COMP-087,INSPECTION_RAS,6.03,0
270,COMP-088,INSPECTION_RAS,11.06,0
270,COMP-089,INSPECTION_RAS,11.48,0
270,COMP-090,INSPECTION_RAS,9.92,0
270,COMP-091,INSPECTION_RAS,11.4,0
270,COMP-092,INSPECTION_RAS,10.99,0
270,COMP-093,INSPECTION_RAS,11.25,0
270,COMP-094,INSPECTION_RAS,10.76,0
270,COMP-095,INSPECTION_RAS,11.42,0
270,COMP-096,INSPECTION_RAS,10.99,0
270,COMP-097,INSPECTION_RAS,10.85,0
270,COMP-098,INSPECTION_RAS,11.37,0
270,COMP-099,INSPECTION_RAS,11.29,0
285,COMP-000,MAINT_PREVENTIVE,13.24,400
285,COMP-001,MAINT_PREVENTIVE,13.42,400
285,COMP-002,MAINT_PREVENTIVE,13.69,400
285,COMP-003,MAINT_PREVENTIVE,13.48,400
285,COMP-004,INSPECTION_RAS,6.54,0
285,COMP-005,MAINT_PREVENTIVE,13.89,400
285,COMP-006,INSPECTION_RAS,4.75,0
285,COMP-007,MAINT_PREVENTIVE,13.32,400
285,COMP-008,INSPECTION_RAS,13.18,0
285,COMP-009,MAINT_PREVENTIVE,13.6,400
285,COMP-010,INSPECTION_RAS,10.33,0
285,COMP-011,MAINT_PREVENTIVE,13.38,400
285,COMP-012,MAINT_PREVENTIVE,13.57,400
285,COMP-013,INSPECTION_RAS,4.71,0
285,COMP-014,MAINT_PREVENTIVE,6.18,400
285,COMP-015,INSPECTION_RAS,6.67,0
285,COMP-016,MAINT_PREVENTIVE,13.38,400
285,COMP-017,MAINT_PREVENTIVE,14.24,400
285,COMP-018,INSPECTION_RAS,13.41,0
285,COMP-019,MAINT_PREVENTIVE,13.39,400
285,COMP-020,INSPECTION_RAS,8.31,0
285,COMP-021,MAINT_PREVENTIVE,13.02,400
285,COMP-022,INSPECTION_RAS,6.58,0
285,COMP-023,INSPECTION_RAS,10.76,0
285,COMP-024,MAINT_PREVENTIVE,13.73,400
285,COMP-025,MAINT_PREVENTIVE,13.61,400
285,COMP-026,MAINT_PREVENTIVE,13.52,400
285,COMP-027,MAINT_PREVENTIVE,13.77,400
285,COMP-028,INSPECTION_RAS,3.89,0
285,COMP-029,MAINT_PREVENTIVE,13.8,400
285,COMP-030,MAINT_PREVENTIVE,13.83,400
285,COMP-031,MAINT_PREVENTIVE,13.49,400
285,COMP-032,MAINT_PREVENTIVE,13.81,400
285,COMP-033,MAINT_PREVENTIVE,13.1,400
285,COMP-034,MAINT_PREVENTIVE,13.67,400
285,COMP-035,MAINT_PREVENTIVE,13.51,400
285,COMP-036,MAINT_PREVENTIVE,13.68,400
285,COMP-037,INSPECTION_RAS,8.51,0
285,COMP-038,MAINT_PREVENTIVE,13.75,400
285,COMP-039,MAINT_PREVENTIVE,13.0,400
285,COMP-040,INSPECTION_RAS,13.19,0
285,COMP-041,MAINT_PREVENTIVE,13.33,400
285,COMP-042,MAINT_PREVENTIVE,13.83,400
285,COMP-043,MAINT_PREVENTIVE,13.62,400
285,COMP-044,MAINT_PREVENTIVE,13.35,400
285,COMP-045,INSPECTION_RAS,10.14,0
285,COMP-046,MAINT_PREVENTIVE,13.19,400
285,COMP-047,MAINT_PREVENTIVE,13.94,400
285,COMP-048,INSPECTION_RAS,10.19,0
285,COMP-049,MAINT_PREVENTIVE,13.17,400
285,COMP-050,MAINT_PREVENTIVE,13.47,400
285,COMP-051,MAINT_PREVENTIVE,13.81,400
285,COMP-052,MAINT_PREVENTIVE,13.46,400
285,COMP-053,INSPECTION_RAS,6.59,0
285,COMP-054,MAINT_PREVENTIVE,13.22,400
285,COMP-055,INSPECTION_RAS,4.64,0
285,COMP-056,MAINT_PREVENTIVE,13.69,400
285,COMP-057,MAINT_PREVENTIVE,13.83,400
285,COMP-058,MAINT_PREVENTIVE,13.77,400
285,COMP-059,INSPECTION_RAS,10.32,0
285,COMP-060,MAINT_PREVENTIVE,13.71,400
285,COMP-061,MAINT_PREVENTIVE,14.05,400
285,COMP-062,MAINT_PREVENTIVE,8.72,400
285,COMP-063,MAINT_PREVENTIVE,13.54,400
285,COMP-064,MAINT_PREVENTIVE,13.88,400
285,COMP-065,MAINT_PREVENTIVE,13.54,400
285,COMP-066,INSPECTION_RAS,8.14,0
285,COMP-067,MAINT_PREVENTIVE,13.21,400
285,COMP-068,MAINT_PREVENTIVE,13.31,400
285,COMP-069,MAINT_PREVENTIVE,13.81,400
285,COMP-070,MAINT_PREVENTIVE,14.14,400
285,COMP-071,MAINT_PREVENTIVE,12.42,400
285,COMP-072,INSPECTION_RAS,14.06,0
285,COMP-073,MAINT_PREVENTIVE,13.88,400
285,COMP-074,MAINT_PREVENTIVE,13.65,400
285,COMP-075,MAINT_PREVENTIVE,13.37,400
285,COMP-076,MAINT_PREVENTIVE,13.52,400
285,COMP-077,MAINT_PREVENTIVE,13.68,400
285,COMP-078,MAINT_PREVENTIVE,14.0,400
285,COMP-079,MAINT_PREVENTIVE,13.39,400
285,COMP-080,MAINT_PREVENTIVE,12.01,400
285,COMP-081,MAINT_PREVENTIVE,13.52,400
285,COMP-082,MAINT_PREVENTIVE,13.59,400
285,COMP-083,INSPECTION_RAS,13.61,0
285,COMP-084,MAINT_PREVENTIVE,12.06,400
285,COMP-085,INSPECTION_RAS,10.39,0
285,COMP-086,MAINT_PREVENTIVE,13.73,400
285,COMP-087,INSPECTION_RAS,8.5,0
285,COMP-088,MAINT_PREVENTIVE,13.51,400
285,COMP-089,MAINT_PREVENTIVE,13.96,400
285,COMP-090,INSPECTION_RAS,12.21,0
285,COMP-091,MAINT_PREVENTIVE,13.97,400
285,COMP-092,MAINT_PREVENTIVE,13.49,400
285,COMP-093,MAINT_PREVENTIVE,13.77,400
285,COMP-094,MAINT_PREVENTIVE,13.3,400
285,COMP-095,MAINT_PREVENTIVE,13.87,400
285,COMP-096,INSPECTION_RAS,13.33,0
285,COMP-097,MAINT_PREVENTIVE,13.27,400
285,COMP-098,MAINT_PREVENTIVE,13.6,400
285,COMP-099,MAINT_PREVENTIVE,13.71,400
300,COMP-000,MAINT_SYSTEMATIQUE,4.96,1200
300,COMP-001,MAINT_SYSTEMATIQUE,5.22,1200
300,COMP-002,MAINT_SYSTEMATIQUE,5.04,1200
300,COMP-003,MAINT_SYSTEMATIQUE,5.15,1200
300,COMP-004,MAINT_SYSTEMATIQUE,8.92,1200
300,COMP-005,MAINT_SYSTEMATIQUE,5.1,1200
300,COMP-006,MAINT_SYSTEMATIQUE,7.15,1200
300,COMP-007,MAINT_SYSTEMATIQUE,5.02,1200
300,COMP-008,MAINT_SYSTEMATIQUE,15.61,1200
300,COMP-009,MAINT_SYSTEMATIQUE,4.98,1200
300,COMP-010,MAINT_SYSTEMATIQUE,12.66,1200
300,COMP-011,MAINT_SYSTEMATIQUE,5.0,1200
300,COMP-012,MAINT_SYSTEMATIQUE,5.21,1200
300,COMP-013,MAINT_SYSTEMATIQUE,6.96,1200
300,COMP-014,MAINT_SYSTEMATIQUE,3.55,1200
300,COMP-015,MAINT_SYSTEMATIQUE,8.96,1200
300,COMP-016,MAINT_SYSTEMATIQUE,5.12,1200
300,COMP-017,MAINT_SYSTEMATIQUE,5.28,1200
300,COMP-018,MAINT_SYSTEMATIQUE,15.64,1200
300,COMP-019,MAINT_SYSTEMATIQUE,5.17,1200
300,COMP-020,MAINT_SYSTEMATIQUE,10.6,1200
300,COMP-021,MAINT_SYSTEMATIQUE,4.91,1200
300,COMP-022,MAINT_SYSTEMATIQUE,8.89,1200
300,COMP-023,MAINT_SYSTEMATIQUE,13.1,1200
300,COMP-024,MAINT_SYSTEMATIQUE,5.11,1200
300,COMP-025,MAINT_SYSTEMATIQUE,5.14,1200
300,COMP-026,MAINT_SYSTEMATIQUE,4.85,1200
300,COMP-027,MAINT_SYSTEMATIQUE,5.25,1200
300,COMP-028,MAINT_SYSTEMATIQUE,6.19,1200
300,COMP-029,MAINT_SYSTEMATIQUE,5.3,1200
300,COMP-030,MAINT_SYSTEMATIQUE,5.11,1200
300,COMP-031,MAINT_SYSTEMATIQUE,5.07,1200
300,COMP-032,MAINT_SYSTEMATIQUE,5.27,1200
300,COMP-033,MAINT_SYSTEMATIQUE,4.92,1200
300,COMP-034,MAINT_SYSTEMATIQUE,4.99,1200
300,COMP-035,MAINT_SYSTEMATIQUE,4.89,1200
300,COMP-036,MAINT_SYSTEMATIQUE,4.98,1200
300,COMP-037,MAINT_SYSTEMATIQUE,10.88,1200
300,COMP-038,MAINT_SYSTEMATIQUE,5.19,1200
300,COMP-039,MAINT_SYSTEMATIQUE,4.96,1200
300,COMP-040,MAINT_SYSTEMATIQUE,15.57,1200
300,COMP-041,MAINT_SYSTEMATIQUE,5.27,1200
300,COMP-042,MAINT_SYSTEMATIQUE,5.24,1200
300,COMP-043,MAINT_SYSTEMATIQUE,5.14,1200
300,COMP-044,MAINT_SYSTEMATIQUE,5.03,1200
300,COMP-045,MAINT_SYSTEMATIQUE,12.8,1200
300,COMP-046,MAINT_SYSTEMATIQUE,4.99,1200
300,COMP-047,MAINT_SYSTEMATIQUE,5.14,1200
300,COMP-048,MAINT_SYSTEMATIQUE,12.68,1200
300,COMP-049,MAINT_SYSTEMATIQUE,5.11,1200
300,COMP-050,MAINT_SYSTEMATIQUE,4.95,1200
300,COMP-051,MAINT_SYSTEMATIQUE,5.27,1200
300,COMP-052,MAINT_SYSTEMATIQUE,5.09,1200
300,COMP-053,MAINT_SYSTEMATIQUE,8.96,1200
300,COMP-054,MAINT_SYSTEMATIQUE,5.14,1200
300,COMP-055,MAINT_SYSTEMATIQUE,7.08,1200
300,COMP-056,MAINT_SYSTEMATIQUE,4.96,1200
300,COMP-057,MAINT_SYSTEMATIQUE,5.27,1200
300,COMP-058,MAINT_SYSTEMATIQUE,5.28,1200
300,COMP-059,MAINT_SYSTEMATIQUE,12.54,1200
300,COMP-060,MAINT_SYSTEMATIQUE,5.18,1200
300,COMP-061,MAINT_SYSTEMATIQUE,5.17,1200
300,COMP-062,MAINT_SYSTEMATIQUE,4.08,1200
300,COMP-063,MAINT_SYSTEMATIQUE,5.06,1200
300,COMP-064,MAINT_SYSTEMATIQUE,5.34,1200
300,COMP-065,MAINT_SYSTEMATIQUE,5.04,1200
300,COMP-066,MAINT_SYSTEMATIQUE,10.65,1200
300,COMP-067,MAINT_SYSTEMATIQUE,5.02,1200
300,COMP-068,MAINT_SYSTEMATIQUE,4.93,1200
300,COMP-069,MAINT_SYSTEMATIQUE,5.14,1200
300,COMP-070,MAINT_SYSTEMATIQUE,5.14,1200
300,COMP-071,MAINT_SYSTEMATIQUE,4.79,1200
300,COMP-072,MAINT_SYSTEMATIQUE,16.41,1200
300,COMP-073,MAINT_SYSTEMATIQUE,5.24,1200
300,COMP-074,MAINT_SYSTEMATIQUE,4.98,1200
300,COMP-075,MAINT_SYSTEMATIQUE,4.96,1200
300,COMP-076,MAINT_SYSTEMATIQUE,5.07,1200
300,COMP-077,MAINT_SYSTEMATIQUE,5.01,1200
300,COMP-078,MAINT_SYSTEMATIQUE,5.36,1200
300,COMP-079,MAINT_SYSTEMATIQUE,5.11,1200
300,COMP-080,MAINT_SYSTEMATIQUE,4.74,1200
300,COMP-081,MAINT_SYSTEMATIQUE,5.14,1200
300,COMP-082,MAINT_SYSTEMATIQUE,5.14,1200
300,COMP-083,MAINT_SYSTEMATIQUE,15.98,1200
300,COMP-084,MAINT_SYSTEMATIQUE,4.69,1200
300,COMP-085,MAINT_SYSTEMATIQUE,12.7,1200
300,COMP-086,MAINT_SYSTEMATIQUE,5.15,1200
300,COMP-087,MAINT_SYSTEMATIQUE,10.89,1200
300,COMP-088,MAINT_SYSTEMATIQUE,5.01,1200
300,COMP-089,MAINT_SYSTEMATIQUE,5.15,1200
300,COMP-090,MAINT_SYSTEMATIQUE,14.65,1200
300,COMP-091,MAINT_SYSTEMATIQUE,5.34,1200
300,COMP-092,MAINT_SYSTEMATIQUE,5.16,1200
300,COMP-093,MAINT_SYSTEMATIQUE,5.18,1200
300,COMP-094,MAINT_SYSTEMATIQUE,5.1,1200
300,COMP-095,MAINT_SYSTEMATIQUE,5.13,1200
300,COMP-096,MAINT_SYSTEMATIQUE,15.79,1200
300,COMP-097,MAINT_SYSTEMATIQUE,5.11,1200
300,COMP-098,MAINT_SYSTEMATIQUE,5.22,1200
300,COMP-099,MAINT_SYSTEMATIQUE,5.13,1200
315,COMP-000,INSPECTION_RAS,2.48,0
315,COMP-001,INSPECTION_RAS,2.24,0
315,COMP-002,INSPECTION_RAS,2.56,0
315,COMP-003,INSPECTION_RAS,2.48,0
315,COMP-004,INSPECTION_RAS,2.41,0
315,COMP-005,INSPECTION_RAS,2.48,0
315,COMP-006,INSPECTION_RAS,2.33,0
315,COMP-007,INSPECTION_RAS,2.46,0
315,COMP-008,INSPECTION_RAS,2.47,0
315,COMP-009,INSPECTION_RAS,2.34,0
315,COMP-010,INSPECTION_RAS,2.52,0
315,COMP-011,INSPECTION_RAS,2.35,0
315,COMP-012,INSPECTION_RAS,2.4,0
315,COMP-013,INSPECTION_RAS,2.38,0
315,COMP-014,INSPECTION_RAS,2.51,0
315,COMP-015,INSPECTION_RAS,2.43,0
315,COMP-016,INSPECTION_RAS,2.29,0
315,COMP-017,INSPECTION_RAS,2.36,0
315,COMP-018,INSPECTION_RAS,2.64,0
315,COMP-019,MAINT_PREVENTIVE,2.35,400
315,COMP-020,INSPECTION_RAS,2.32,0
315,COMP-021,INSPECTION_RAS,2.3,0
315,COMP-022,INSPECTION_RAS,2.3,0
315,COMP-023,INSPECTION_RAS,2.22,0
315,COMP-024,INSPECTION_RAS,2.62,0
315,COMP-025,MAINT_PREVENTIVE,2.35,400
315,COMP-026,INSPECTION_RAS,2.22,0
315,COMP-027,INSPECTION_RAS,2.49,0
315,COMP-028,INSPECTION_RAS,2.48,0
315,COMP-029,INSPECTION_RAS,2.24,0
315,COMP-030,INSPECTION_RAS,2.34,0
315,COMP-031,INSPECTION_RAS,2.34,0
315,COMP-032,INSPECTION_RAS,2.36,0
315,COMP-033,MAINT_PREVENTIVE,2.28,400
315,COMP-034,INSPECTION_RAS,2.48,0
315,COMP-035,INSPECTION_RAS,2.26,0
315,COMP-036,INSPECTION_RAS,2.38,0
315,COMP-037,INSPECTION_RAS,2.35,0
315,COMP-038,INSPECTION_RAS,2.39,0
315,COMP-039,INSPECTION_RAS,2.37,0
315,COMP-040,INSPECTION_RAS,2.36,0
315,COMP-041,INSPECTION_RAS,2.45,0
315,COMP-042,INSPECTION_RAS,2.45,0
315,COMP-043,MAINT_PREVENTIVE,2.45,400
315,COMP-044,INSPECTION_RAS,2.59,0
315,COMP-045,INSPECTION_RAS,2.33,0
315,COMP-046,INSPECTION_RAS,2.48,0
315,COMP-047,INSPECTION_RAS,2.62,0
315,COMP-048,INSPECTION_RAS,2.62,0
315,COMP-049,INSPECTION_RAS,2.38,0
315,COMP-050,INSPECTION_RAS,2.31,0
315,COMP-051,INSPECTION_RAS,2.45,0
315,COMP-052,INSPECTION_RAS,2.54,0
315,COMP-053,INSPECTION_RAS,2.37,0
315,COMP-054,INSPECTION_RAS,2.47,0
315,COMP-055,INSPECTION_RAS,2.56,0
315,COMP-056,INSPECTION_RAS,2.48,0
315,COMP-057,INSPECTION_RAS,2.44,0
315,COMP-058,INSPECTION_RAS,2.47,0
315,COMP-059,INSPECTION_RAS,2.47,0
315,COMP-060,INSPECTION_RAS,2.32,0
315,COMP-061,INSPECTION_RAS,2.37,0
315,COMP-062,INSPECTION_RAS,2.48,0
315,COMP-063,INSPECTION_RAS,2.24,0
315,COMP-064,INSPECTION_RAS,2.37,0
315,COMP-065,INSPECTION_RAS,2.38,0
315,COMP-066,INSPECTION_RAS,2.63,0
315,COMP-067,INSPECTION_RAS,2.38,0
315,COMP-068,INSPECTION_RAS,2.37,0
315,COMP-069,INSPECTION_RAS,2.46,0
315,COMP-070,INSPECTION_RAS,2.35,0
315,COMP-071,INSPECTION_RAS,2.45,0
315,COMP-072,INSPECTION_RAS,2.61,0
315,COMP-073,INSPECTION_RAS,2.29,0
315,COMP-074,INSPECTION_RAS,2.45,0
315,COMP-075,INSPECTION_RAS,2.3,0
315,COMP-076,INSPECTION_RAS,2.38,0
315,COMP-077,INSPECTION_RAS,2.44,0
315,COMP-078,INSPECTION_RAS,2.41,0
315,COMP-079,INSPECTION_RAS,2.3,0
315,COMP-080,INSPECTION_RAS,2.55,0
315,COMP-081,INSPECTION_RAS,2.36,0
315,COMP-082,INSPECTION_RAS,2.44,0
315,COMP-083,INSPECTION_RAS,2.37,0
315,COMP-084,INSPECTION_RAS,2.58,0
315,COMP-085,INSPECTION_RAS,2.44,0
315,COMP-086,INSPECTION_RAS,2.47,0
315,COMP-087,INSPECTION_RAS,2.37,0
315,COMP-088,INSPECTION_RAS,2.48,0
315,COMP-089,INSPECTION_RAS,2.58,0
315,COMP-090,INSPECTION_RAS,2.5,0
315,COMP-091,INSPECTION_RAS,2.49,0
315,COMP-092,INSPECTION_RAS,2.58,0
315,COMP-093,INSPECTION_RAS,2.23,0
315,COMP-094,MAINT_PREVENTIVE,2.36,400
315,COMP-095,INSPECTION_RAS,2.47,0
315,COMP-096,INSPECTION_RAS,2.34,0
315,COMP-097,INSPECTION_RAS,2.45,0
315,COMP-098,INSPECTION_RAS,2.49,0
315,COMP-099,INSPECTION_RAS,2.38,0
330,COMP-000,INSPECTION_RAS,4.87,0
330,COMP-001,INSPECTION_RAS,4.65,0
330,COMP-002,INSPECTION_RAS,5.02,0
330,COMP-003,INSPECTION_RAS,4.96,0
330,COMP-004,INSPECTION_RAS,4.84,0
330,COMP-005,INSPECTION_RAS,4.86,0
330,COMP-006,INSPECTION_RAS,4.74,0
330,COMP-007,INSPECTION_RAS,4.74,0
330,COMP-008,INSPECTION_RAS,4.95,0
330,COMP-009,INSPECTION_RAS,4.89,0
330,COMP-010,INSPECTION_RAS,5.05,0
330,COMP-011,INSPECTION_RAS,4.76,0
330,COMP-012,INSPECTION_RAS,4.91,0
330,COMP-013,INSPECTION_RAS,4.85,0
330,COMP-014,MAINT_PREVENTIVE,4.87,400
330,COMP-015,INSPECTION_RAS,4.9,0
330,COMP-016,INSPECTION_RAS,4.6,0
330,COMP-017,INSPECTION_RAS,4.76,0
330,COMP-018,INSPECTION_RAS,4.91,0
330,COMP-019,INSPECTION_RAS,2.92,0
330,COMP-020,INSPECTION_RAS,4.64,0
330,COMP-021,INSPECTION_RAS,4.93,0
330,COMP-022,INSPECTION_RAS,4.59,0
330,COMP-023,INSPECTION_RAS,4.62,0
330,COMP-024,INSPECTION_RAS,5.07,0
330,COMP-025,INSPECTION_RAS,2.89,0
330,COMP-026,INSPECTION_RAS,4.79,0
330,COMP-027,INSPECTION_RAS,4.75,0
330,COMP-028,INSPECTION_RAS,4.94,0
330,COMP-029,INSPECTION_RAS,4.65,0
330,COMP-030,MAINT_PREVENTIVE,4.69,400
330,COMP-031,INSPECTION_RAS,4.7,0
330,COMP-032,INSPECTION_RAS,4.78,0
330,COMP-033,MAINT_PREVENTIVE,2.93,400
330,COMP-034,INSPECTION_RAS,4.87,0
330,COMP-035,INSPECTION_RAS,4.63,0
330,COMP-036,MAINT_PREVENTIVE,4.88,400
330,COMP-037,INSPECTION_RAS,4.89,0
330,COMP-038,INSPECTION_RAS,4.71,0
330,COMP-039,INSPECTION_RAS,4.79,0
330,COMP-040,INSPECTION_RAS,4.75,0
330,COMP-041,INSPECTION_RAS,4.78,0
330,COMP-042,INSPECTION_RAS,4.77,0
330,COMP-043,INSPECTION_RAS,2.89,0
330,COMP-044,INSPECTION_RAS,4.97,0
330,COMP-045,INSPECTION_RAS,4.86,0
330,COMP-046,INSPECTION_RAS,4.71,0
330,COMP-047,INSPECTION_RAS,4.9,0
330,COMP-048,INSPECTION_RAS,4.83,0
330,COMP-049,INSPECTION_RAS,4.68,0
330,COMP-050,INSPECTION_RAS,4.59,0
330,COMP-051,MAINT_PREVENTIVE,4.83,400
330,COMP-052,INSPECTION_RAS,5.02,0
330,COMP-053,INSPECTION_RAS,4.9,0
330,COMP-054,INSPECTION_RAS,4.69,0
330,COMP-055,INSPECTION_RAS,4.9,0
330,COMP-056,INSPECTION_RAS,4.73,0
330,COMP-057,INSPECTION_RAS,4.84,0
330,COMP-058,INSPECTION_RAS,5.0,0
330,COMP-059,INSPECTION_RAS,4.93,0
330,COMP-060,INSPECTION_RAS,4.9,0
330,COMP-061,INSPECTION_RAS,4.86,0
330,COMP-062,INSPECTION_RAS,5.0,0
330,COMP-063,INSPECTION_RAS,4.59,0
330,COMP-064,INSPECTION_RAS,4.72,0
330,COMP-065,INSPECTION_RAS,4.84,0
330,COMP-066,INSPECTION_RAS,4.98,0
330,COMP-067,INSPECTION_RAS,4.83,0
330,COMP-068,INSPECTION_RAS,4.79,0
330,COMP-069,INSPECTION_RAS,4.91,0
330,COMP-070,INSPECTION_RAS,4.69,0
330,COMP-071,INSPECTION_RAS,4.91,0
330,COMP-072,INSPECTION_RAS,5.0,0
330,COMP-073,INSPECTION_RAS,4.7,0
330,COMP-074,INSPECTION_RAS,5.07,0
330,COMP-075,INSPECTION_RAS,4.88,0
330,COMP-076,INSPECTION_RAS,4.8,0
330,COMP-077,INSPECTION_RAS,4.83,0
330,COMP-078,INSPECTION_RAS,4.93,0
330,COMP-079,INSPECTION_RAS,4.77,0
330,COMP-080,INSPECTION_RAS,4.85,0
330,COMP-081,INSPECTION_RAS,4.63,0
330,COMP-082,MAINT_PREVENTIVE,4.84,400
330,COMP-083,INSPECTION_RAS,4.77,0
330,COMP-084,INSPECTION_RAS,5.06,0
330,COMP-085,INSPECTION_RAS,4.84,0
330,COMP-086,INSPECTION_RAS,4.84,0
330,COMP-087,INSPECTION_RAS,4.78,0
330,COMP-088,INSPECTION_RAS,4.93,0
330,COMP-089,INSPECTION_RAS,5.0,0
330,COMP-090,INSPECTION_RAS,4.89,0
330,COMP-091,INSPECTION_RAS,5.05,0
330,COMP-092,INSPECTION_RAS,5.05,0
330,COMP-093,INSPECTION_RAS,4.59,0
330,COMP-094,INSPECTION_RAS,2.75,0
330,COMP-095,INSPECTION_RAS,4.83,0
330,COMP-096,INSPECTION_RAS,4.62,0
330,COMP-097,INSPECTION_RAS,5.06,0
330,COMP-098,INSPECTION_RAS,4.95,0
330,COMP-099,INSPECTION_RAS,4.89,0
345,COMP-000,INSPECTION_RAS,7.12,0
345,COMP-001,INSPECTION_RAS,7.0,0
345,COMP-002,INSPECTION_RAS,7.41,0
345,COMP-003,INSPECTION_RAS,7.39,0
345,COMP-004,MAINT_PREVENTIVE,7.27,400
345,COMP-005,INSPECTION_RAS,7.4,0
345,COMP-006,INSPECTION_RAS,7.11,0
345,COMP-007,INSPECTION_RAS,6.89,0
345,COMP-008,INSPECTION_RAS,7.21,0
345,COMP-009,INSPECTION_RAS,7.13,0
345,COMP-010,INSPECTION_RAS,7.6,0
345,COMP-011,INSPECTION_RAS,6.84,0
345,COMP-012,INSPECTION_RAS,7.41,0
345,COMP-013,INSPECTION_RAS,7.31,0
345,COMP-014,INSPECTION_RAS,3.29,0
345,COMP-015,INSPECTION_RAS,7.12,0
345,COMP-016,INSPECTION_RAS,7.13,0
345,COMP-017,INSPECTION_RAS,7.01,0
345,COMP-018,INSPECTION_RAS,7.33,0
345,COMP-019,INSPECTION_RAS,5.36,0
345,COMP-020,INSPECTION_RAS,7.19,0
345,COMP-021,INSPECTION_RAS,7.38,0
345,COMP-022,INSPECTION_RAS,7.04,0
345,COMP-023,INSPECTION_RAS,6.9,0
345,COMP-024,INSPECTION_RAS,7.37,0
345,COMP-025,INSPECTION_RAS,5.1,0
345,COMP-026,INSPECTION_RAS,7.36,0
345,COMP-027,INSPECTION_RAS,6.88,0
345,COMP-028,INSPECTION_RAS,7.37,0
345,COMP-029,INSPECTION_RAS,7.21,0
345,COMP-030,INSPECTION_RAS,3.41,0
345,COMP-031,INSPECTION_RAS,7.0,0
345,COMP-032,INSPECTION_RAS,7.01,0
345,COMP-033,INSPECTION_RAS,3.11,0
345,COMP-034,INSPECTION_RAS,7.23,0
345,COMP-035,INSPECTION_RAS,7.06,0
345,COMP-036,INSPECTION_RAS,3.42,0
345,COMP-037,INSPECTION_RAS,7.35,0
345,COMP-038,INSPECTION_RAS,6.94,0
345,COMP-039,MAINT_PREVENTIVE,7.11,400
345,COMP-040,INSPECTION_RAS,7.16,0
345,COMP-041,INSPECTION_RAS,7.26,0
345,COMP-042,INSPECTION_RAS,7.09,0
345,COMP-043,INSPECTION_RAS,5.26,0
345,COMP-044,INSPECTION_RAS,7.52,0
345,COMP-045,INSPECTION_RAS,7.31,0
345,COMP-046,INSPECTION_RAS,6.96,0
345,COMP-047,INSPECTION_RAS,7.22,0
345,COMP-048,INSPECTION_RAS,7.07,0
345,COMP-049,INSPECTION_RAS,7.09,0
345,COMP-050,INSPECTION_RAS,7.11,0
345,COMP-051,INSPECTION_RAS,3.36,0
345,COMP-052,INSPECTION_RAS,7.24,0
345,COMP-053,INSPECTION_RAS,7.38,0
345,COMP-054,INSPECTION_RAS,6.97,0
345,COMP-055,INSPECTION_RAS,7.15,0
345,COMP-056,INSPECTION_RAS,7.19,0
345,COMP-057,MAINT_PREVENTIVE,7.2,400
345,COMP-058,INSPECTION_RAS,7.26,0
345,COMP-059,INSPECTION_RAS,7.45,0
345,COMP-060,INSPECTION_RAS,7.28,0
345,COMP-061,INSPECTION_RAS,7.37,0
345,COMP-062,INSPECTION_RAS,7.46,0
345,COMP-063,INSPECTION_RAS,6.93,0
345,COMP-064,MAINT_PREVENTIVE,7.09,400
345,COMP-065,INSPECTION_RAS,7.32,0
345,COMP-066,MAINT_PREVENTIVE,7.29,400
345,COMP-067,INSPECTION_RAS,7.29,0
345,COMP-068,INSPECTION_RAS,7.24,0
345,COMP-069,INSPECTION_RAS,7.3,0
345,COMP-070,INSPECTION_RAS,7.21,0
345,COMP-071,INSPECTION_RAS,7.24,0
345,COMP-072,INSPECTION_RAS,7.24,0
345,COMP-073,INSPECTION_RAS,7.01,0
345,COMP-074,INSPECTION_RAS,7.59,0
345,COMP-075,INSPECTION_RAS,7.14,0
345,COMP-076,INSPECTION_RAS,7.28,0
345,COMP-077,INSPECTION_RAS,7.3,0
345,COMP-078,INSPECTION_RAS,7.29,0
345,COMP-079,INSPECTION_RAS,7.06,0
345,COMP-080,INSPECTION_RAS,7.35,0
345,COMP-081,INSPECTION_RAS,7.03,0
345,COMP-082,INSPECTION_RAS,3.31,0
345,COMP-083,INSPECTION_RAS,7.04,0
345,COMP-084,INSPECTION_RAS,7.55,0
345,COMP-085,INSPECTION_RAS,7.23,0
345,COMP-086,INSPECTION_RAS,7.2,0
345,COMP-087,INSPECTION_RAS,7.21,0
345,COMP-088,INSPECTION_RAS,7.38,0
345,COMP-089,INSPECTION_RAS,7.44,0
345,COMP-090,INSPECTION_RAS,7.47,0
345,COMP-091,INSPECTION_RAS,7.47,0
345,COMP-092,INSPECTION_RAS,7.48,0
345,COMP-093,INSPECTION_RAS,6.92,0
345,COMP-094,INSPECTION_RAS,5.24,0
345,COMP-095,INSPECTION_RAS,7.22,0
345,COMP-096,INSPECTION_RAS,7.21,0
345,COMP-097,INSPECTION_RAS,7.61,0
345,COMP-098,INSPECTION_RAS,7.33,0
345,COMP-099,INSPECTION_RAS,7.33,0
360,COMP-000,INSPECTION_RAS,9.47,0
360,COMP-001,INSPECTION_RAS,9.51,0
360,COMP-002,INSPECTION_RAS,9.85,0
360,COMP-003,INSPECTION_RAS,9.76,0
360,COMP-004,INSPECTION_RAS,3.91,0
360,COMP-005,INSPECTION_RAS,9.86,0
360,COMP-006,INSPECTION_RAS,9.58,0
360,COMP-007,INSPECTION_RAS,9.29,0
360,COMP-008,INSPECTION_RAS,9.61,0
360,COMP-009,INSPECTION_RAS,9.39,0
360,COMP-010,INSPECTION_RAS,10.17,0
360,COMP-011,INSPECTION_RAS,9.1,0
360,COMP-012,INSPECTION_RAS,9.83,0
360,COMP-013,INSPECTION_RAS,9.69,0
360,COMP-014,INSPECTION_RAS,5.66,0
360,COMP-015,MAINT_PREVENTIVE,9.47,400
360,COMP-016,INSPECTION_RAS,9.58,0
360,COMP-017,INSPECTION_RAS,9.46,0
360,COMP-018,INSPECTION_RAS,9.71,0
360,COMP-019,INSPECTION_RAS,7.73,0
360,COMP-020,INSPECTION_RAS,9.53,0
360,COMP-021,INSPECTION_RAS,9.58,0
360,COMP-022,INSPECTION_RAS,9.51,0
360,COMP-023,INSPECTION_RAS,9.21,0
360,COMP-024,INSPECTION_RAS,9.78,0
360,COMP-025,INSPECTION_RAS,7.46,0
360,COMP-026,INSPECTION_RAS,9.73,0
360,COMP-027,INSPECTION_RAS,9.27,0
360,COMP-028,INSPECTION_RAS,9.61,0
360,COMP-029,INSPECTION_RAS,9.56,0
360,COMP-030,INSPECTION_RAS,5.85,0
360,COMP-031,INSPECTION_RAS,9.36,0
360,COMP-032,INSPECTION_RAS,9.61,0
360,COMP-033,INSPECTION_RAS,5.45,0
360,COMP-034,INSPECTION_RAS,9.49,0
360,COMP-035,INSPECTION_RAS,9.24,0
360,COMP-036,INSPECTION_RAS,6.1,0
360,COMP-037,INSPECTION_RAS,9.7,0
360,COMP-038,INSPECTION_RAS,9.42,0
360,COMP-039,INSPECTION_RAS,3.83,0
360,COMP-040,INSPECTION_RAS,9.57,0
360,COMP-041,INSPECTION_RAS,9.6,0
360,COMP-042,INSPECTION_RAS,9.6,0
360,COMP-043,INSPECTION_RAS,7.79,0
360,COMP-044,INSPECTION_RAS,9.75,0
360,COMP-045,INSPECTION_RAS,9.81,0
360,COMP-046,INSPECTION_RAS,9.16,0
360,COMP-047,INSPECTION_RAS,9.5,0
360,COMP-048,MAINT_PREVENTIVE,9.46,400
360,COMP-049,MAINT_PREVENTIVE,9.55,400
360,COMP-050,INSPECTION_RAS,9.53,0
360,COMP-051,INSPECTION_RAS,5.67,0
360,COMP-052,INSPECTION_RAS,9.63,0
360,COMP-053,INSPECTION_RAS,9.79,0
360,COMP-054,INSPECTION_RAS,9.35,0
360,COMP-055,INSPECTION_RAS,9.57,0
360,COMP-056,MAINT_PREVENTIVE,9.75,400
360,COMP-057,INSPECTION_RAS,3.85,0
360,COMP-058,MAINT_PREVENTIVE,9.62,400
360,COMP-059,INSPECTION_RAS,9.92,0
360,COMP-060,INSPECTION_RAS,9.68,0
360,COMP-061,MAINT_PREVENTIVE,9.67,400
360,COMP-062,INSPECTION_RAS,9.8,0
360,COMP-063,INSPECTION_RAS,9.47,0
360,COMP-064,INSPECTION_RAS,3.86,0
360,COMP-065,INSPECTION_RAS,9.72,0
360,COMP-066,INSPECTION_RAS,3.83,0
360,COMP-067,INSPECTION_RAS,9.64,0
360,COMP-068,INSPECTION_RAS,9.58,0
360,COMP-069,INSPECTION_RAS,9.67,0
360,COMP-070,INSPECTION_RAS,9.65,0
360,COMP-071,INSPECTION_RAS,9.69,0
360,COMP-072,INSPECTION_RAS,9.79,0
360,COMP-073,INSPECTION_RAS,9.29,0
360,COMP-074,INSPECTION_RAS,9.87,0
360,COMP-075,INSPECTION_RAS,9.42,0
360,COMP-076,INSPECTION_RAS,9.74,0
360,COMP-077,INSPECTION_RAS,9.71,0
360,COMP-078,INSPECTION_RAS,9.71,0
360,COMP-079,INSPECTION_RAS,9.31,0
360,COMP-080,INSPECTION_RAS,9.68,0
360,COMP-081,INSPECTION_RAS,9.3,0
360,COMP-082,INSPECTION_RAS,5.69,0
360,COMP-083,INSPECTION_RAS,9.5,0
360,COMP-084,INSPECTION_RAS,9.92,0
360,COMP-085,INSPECTION_RAS,9.53,0
360,COMP-086,INSPECTION_RAS,9.7,0
360,COMP-087,INSPECTION_RAS,9.7,0
360,COMP-088,INSPECTION_RAS,9.78,0
360,COMP-089,INSPECTION_RAS,9.84,0
360,COMP-090,INSPECTION_RAS,9.79,0
360,COMP-091,INSPECTION_RAS,10.07,0
360,COMP-092,INSPECTION_RAS,9.82,0
360,COMP-093,INSPECTION_RAS,9.41,0
360,COMP-094,INSPECTION_RAS,7.5,0
360,COMP-095,INSPECTION_RAS,9.68,0
360,COMP-096,INSPECTION_RAS,9.63,0
360,COMP-097,INSPECTION_RAS,9.97,0
360,COMP-098,INSPECTION_RAS,9.87,0
360,COMP-099,INSPECTION_RAS,9.83,0
